ISO-10303-21;
HEADER;
/* Generated by software containing ST-Developer
 * from STEP Tools, Inc. (www.steptools.com) 
 */

FILE_DESCRIPTION(
/* description */ (''),
/* implementation_level */ '2;1');

FILE_NAME(
/* name */ 'V0.3.1 v43.step',
/* time_stamp */ '2023-07-24T14:02:08+12:00',
/* author */ (''),
/* organization */ (''),
/* preprocessor_version */ 'ST-DEVELOPER v19.2',
/* originating_system */ 'Autodesk Translation Framework v12.6.0.85',
/* authorisation */ '');

FILE_SCHEMA (('AUTOMOTIVE_DESIGN { 1 0 10303 214 3 1 1 }'));
ENDSEC;

DATA;
#10=MECHANICAL_DESIGN_GEOMETRIC_PRESENTATION_REPRESENTATION('',(#44,#45,
#46,#47),#4754);
#11=ITEM_DEFINED_TRANSFORMATION($,$,#2806,#2977);
#12=ITEM_DEFINED_TRANSFORMATION($,$,#2805,#3069);
#13=ITEM_DEFINED_TRANSFORMATION($,$,#2978,#3070);
#14=(
REPRESENTATION_RELATIONSHIP($,$,#4772,#4771)
REPRESENTATION_RELATIONSHIP_WITH_TRANSFORMATION(#11)
SHAPE_REPRESENTATION_RELATIONSHIP()
);
#15=(
REPRESENTATION_RELATIONSHIP($,$,#4771,#4770)
REPRESENTATION_RELATIONSHIP_WITH_TRANSFORMATION(#12)
SHAPE_REPRESENTATION_RELATIONSHIP()
);
#16=(
REPRESENTATION_RELATIONSHIP($,$,#4773,#4770)
REPRESENTATION_RELATIONSHIP_WITH_TRANSFORMATION(#13)
SHAPE_REPRESENTATION_RELATIONSHIP()
);
#17=CONTEXT_DEPENDENT_SHAPE_REPRESENTATION(#14,#4766);
#18=CONTEXT_DEPENDENT_SHAPE_REPRESENTATION(#15,#4768);
#19=CONTEXT_DEPENDENT_SHAPE_REPRESENTATION(#16,#4769);
#20=NEXT_ASSEMBLY_USAGE_OCCURRENCE('Light Pipe Playground v9:1',
'Light Pipe Playground v9:1','Light Pipe Playground v9:1',#4776,#4777,
'Light Pipe Playground v9:1');
#21=NEXT_ASSEMBLY_USAGE_OCCURRENCE('Carrier:1','Carrier:1','Carrier:1',
#4775,#4776,'Carrier:1');
#22=NEXT_ASSEMBLY_USAGE_OCCURRENCE('Tube:1','Tube:1','Tube:1',#4775,#4778,
'Tube:1');
#23=ELLIPSE('',#2879,1.67431578064991,1.45);
#24=ELLIPSE('',#2880,1.67431578064991,1.45);
#25=ELLIPSE('',#2891,1.67431578064991,1.45);
#26=ELLIPSE('',#2893,1.67431578064991,1.45);
#27=ELLIPSE('',#2901,1.15470053837925,1.);
#28=ELLIPSE('',#2904,1.15470053837925,1.);
#29=B_SPLINE_CURVE_WITH_KNOTS('',3,(#4110,#4111,#4112,#4113,#4114,#4115,
#4116,#4117),.UNSPECIFIED.,.F.,.F.,(4,2,2,4),(0.0542284337079927,0.0557349181790497,
0.0841254099655444,0.101221432776664),.UNSPECIFIED.);
#30=B_SPLINE_CURVE_WITH_KNOTS('',3,(#4143,#4144,#4145,#4146,#4147,#4148,
#4149,#4150,#4151,#4152,#4153,#4154,#4155,#4156,#4157,#4158,#4159,#4160),
 .UNSPECIFIED.,.F.,.F.,(4,2,2,2,2,2,2,2,4),(0.239315438895807,0.253512314107161,
0.281048094303349,0.335420703185984,0.379075815488289,0.422730927790593,
0.448025131649284,0.473319335507976,0.49648791348164),.UNSPECIFIED.);
#31=B_SPLINE_CURVE_WITH_KNOTS('',3,(#4182,#4183,#4184,#4185,#4186,#4187,
#4188,#4189,#4190,#4191,#4192,#4193,#4194,#4195,#4196,#4197,#4198,#4199),
 .UNSPECIFIED.,.F.,.F.,(4,2,2,2,2,2,2,2,4),(0.141788308756281,0.164964595192457,
0.190259811326846,0.215555027461235,0.259206194766162,0.30285736207109,
0.35722465409172,0.384758565171391,0.398993932065275),.UNSPECIFIED.);
#32=B_SPLINE_CURVE_WITH_KNOTS('',3,(#4222,#4223,#4224,#4225,#4226,#4227,
#4228,#4229),.UNSPECIFIED.,.F.,.F.,(4,2,2,4),(-0.101233549279479,-0.0841190279459928,
-0.0557306137281911,-0.0542248362491241),.UNSPECIFIED.);
#33=(
BOUNDED_CURVE()
B_SPLINE_CURVE(2,(#4105,#4106,#4107),.UNSPECIFIED.,.F.,.F.)
B_SPLINE_CURVE_WITH_KNOTS((3,3),(0.,0.00744617443890326),.UNSPECIFIED.)
CURVE()
GEOMETRIC_REPRESENTATION_ITEM()
RATIONAL_B_SPLINE_CURVE((1.,1.04260421615899,1.08329701784556))
REPRESENTATION_ITEM('')
);
#34=(
BOUNDED_CURVE()
B_SPLINE_CURVE(2,(#4139,#4140,#4141,#4142),.UNSPECIFIED.,.F.,.F.)
B_SPLINE_CURVE_WITH_KNOTS((3,1,3),(0.368249690648901,0.370196393022519,
0.39572717874819),.UNSPECIFIED.)
CURVE()
GEOMETRIC_REPRESENTATION_ITEM()
RATIONAL_B_SPLINE_CURVE((2.74458215385873,2.68739404562019,1.87096774193558,
1.))
REPRESENTATION_ITEM('')
);
#35=(
BOUNDED_CURVE()
B_SPLINE_CURVE(2,(#4164,#4165,#4166),.UNSPECIFIED.,.F.,.F.)
B_SPLINE_CURVE_WITH_KNOTS((3,3),(0.,0.115473379129666),.UNSPECIFIED.)
CURVE()
GEOMETRIC_REPRESENTATION_ITEM()
RATIONAL_B_SPLINE_CURVE((1.,1.06521430405552,1.))
REPRESENTATION_ITEM('')
);
#36=(
BOUNDED_CURVE()
B_SPLINE_CURVE(2,(#4174,#4175,#4176,#4177),.UNSPECIFIED.,.F.,.F.)
B_SPLINE_CURVE_WITH_KNOTS((3,1,3),(0.,0.0254077629004036,0.0274692826761301),
 .UNSPECIFIED.)
CURVE()
GEOMETRIC_REPRESENTATION_ITEM()
RATIONAL_B_SPLINE_CURVE((1.,1.86677089059381,2.68353603655166,2.74410004222913))
REPRESENTATION_ITEM('')
);
#37=(
BOUNDED_CURVE()
B_SPLINE_CURVE(2,(#4219,#4220,#4221),.UNSPECIFIED.,.F.,.F.)
B_SPLINE_CURVE_WITH_KNOTS((3,3),(0.324494835119829,0.331941010105666),
 .UNSPECIFIED.)
CURVE()
GEOMETRIC_REPRESENTATION_ITEM()
RATIONAL_B_SPLINE_CURVE((1.08329702382358,1.04260421928839,1.))
REPRESENTATION_ITEM('')
);
#38=SHAPE_REPRESENTATION_RELATIONSHIP('SRR','None',#4772,#41);
#39=SHAPE_REPRESENTATION_RELATIONSHIP('SRR','None',#4771,#42);
#40=SHAPE_REPRESENTATION_RELATIONSHIP('SRR','None',#4773,#43);
#41=ADVANCED_BREP_SHAPE_REPRESENTATION('',(#48),#4752);
#42=ADVANCED_BREP_SHAPE_REPRESENTATION('',(#49),#4751);
#43=ADVANCED_BREP_SHAPE_REPRESENTATION('',(#50,#51),#4753);
#44=STYLED_ITEM('',(#4794),#48);
#45=STYLED_ITEM('',(#4794),#49);
#46=STYLED_ITEM('',(#4794),#50);
#47=STYLED_ITEM('',(#4794),#51);
#48=MANIFOLD_SOLID_BREP('Body9',#2777);
#49=MANIFOLD_SOLID_BREP('Body3',#2778);
#50=MANIFOLD_SOLID_BREP('Body1',#2779);
#51=MANIFOLD_SOLID_BREP('Body2',#2780);
#52=FACE_BOUND('',#344,.T.);
#53=FACE_BOUND('',#349,.T.);
#54=FACE_BOUND('',#400,.T.);
#55=FACE_BOUND('',#402,.T.);
#56=FACE_BOUND('',#404,.T.);
#57=FACE_BOUND('',#407,.T.);
#58=FACE_BOUND('',#408,.T.);
#59=FACE_BOUND('',#409,.T.);
#60=FACE_BOUND('',#443,.T.);
#61=FACE_BOUND('',#461,.T.);
#62=FACE_BOUND('',#468,.T.);
#63=FACE_BOUND('',#480,.T.);
#64=FACE_BOUND('',#481,.T.);
#65=FACE_BOUND('',#482,.T.);
#66=FACE_BOUND('',#483,.T.);
#67=FACE_BOUND('',#484,.T.);
#68=FACE_BOUND('',#485,.T.);
#69=FACE_BOUND('',#486,.T.);
#70=FACE_BOUND('',#488,.T.);
#71=FACE_BOUND('',#489,.T.);
#72=FACE_BOUND('',#490,.T.);
#73=FACE_BOUND('',#491,.T.);
#74=FACE_BOUND('',#492,.T.);
#75=FACE_BOUND('',#493,.T.);
#76=FACE_BOUND('',#494,.T.);
#77=PLANE('',#2812);
#78=PLANE('',#2814);
#79=PLANE('',#2815);
#80=PLANE('',#2819);
#81=PLANE('',#2821);
#82=PLANE('',#2822);
#83=PLANE('',#2826);
#84=PLANE('',#2830);
#85=PLANE('',#2831);
#86=PLANE('',#2835);
#87=PLANE('',#2836);
#88=PLANE('',#2839);
#89=PLANE('',#2843);
#90=PLANE('',#2845);
#91=PLANE('',#2846);
#92=PLANE('',#2851);
#93=PLANE('',#2854);
#94=PLANE('',#2858);
#95=PLANE('',#2859);
#96=PLANE('',#2862);
#97=PLANE('',#2865);
#98=PLANE('',#2868);
#99=PLANE('',#2869);
#100=PLANE('',#2872);
#101=PLANE('',#2873);
#102=PLANE('',#2897);
#103=PLANE('',#2899);
#104=PLANE('',#2900);
#105=PLANE('',#2902);
#106=PLANE('',#2903);
#107=PLANE('',#2905);
#108=PLANE('',#2911);
#109=PLANE('',#2912);
#110=PLANE('',#2913);
#111=PLANE('',#2915);
#112=PLANE('',#2916);
#113=PLANE('',#2917);
#114=PLANE('',#2918);
#115=PLANE('',#2933);
#116=PLANE('',#2934);
#117=PLANE('',#2935);
#118=PLANE('',#2948);
#119=PLANE('',#2949);
#120=PLANE('',#2952);
#121=PLANE('',#2953);
#122=PLANE('',#2955);
#123=PLANE('',#2958);
#124=PLANE('',#2959);
#125=PLANE('',#2961);
#126=PLANE('',#2963);
#127=PLANE('',#2965);
#128=PLANE('',#2968);
#129=PLANE('',#2970);
#130=PLANE('',#2971);
#131=PLANE('',#2974);
#132=PLANE('',#2975);
#133=PLANE('',#2979);
#134=PLANE('',#2988);
#135=PLANE('',#2991);
#136=PLANE('',#2994);
#137=PLANE('',#2997);
#138=PLANE('',#3000);
#139=PLANE('',#3003);
#140=PLANE('',#3006);
#141=PLANE('',#3009);
#142=PLANE('',#3012);
#143=PLANE('',#3028);
#144=PLANE('',#3037);
#145=PLANE('',#3040);
#146=PLANE('',#3043);
#147=PLANE('',#3046);
#148=PLANE('',#3055);
#149=PLANE('',#3058);
#150=PLANE('',#3061);
#151=PLANE('',#3063);
#152=PLANE('',#3065);
#153=PLANE('',#3067);
#154=CYLINDRICAL_SURFACE('',#2810,1.5);
#155=CYLINDRICAL_SURFACE('',#2823,1.1);
#156=CYLINDRICAL_SURFACE('',#2827,0.374999999999494);
#157=CYLINDRICAL_SURFACE('',#2837,2.69999999999999);
#158=CYLINDRICAL_SURFACE('',#2840,0.374999999999494);
#159=CYLINDRICAL_SURFACE('',#2852,1.6);
#160=CYLINDRICAL_SURFACE('',#2855,2.74999999999897);
#161=CYLINDRICAL_SURFACE('',#2857,3.);
#162=CYLINDRICAL_SURFACE('',#2860,2.74999999999897);
#163=CYLINDRICAL_SURFACE('',#2863,1.6);
#164=CYLINDRICAL_SURFACE('',#2866,1.1);
#165=CYLINDRICAL_SURFACE('',#2870,2.69999999999999);
#166=CYLINDRICAL_SURFACE('',#2876,1.45);
#167=CYLINDRICAL_SURFACE('',#2889,1.45);
#168=CYLINDRICAL_SURFACE('',#2909,1.5);
#169=CYLINDRICAL_SURFACE('',#2931,2.95);
#170=CYLINDRICAL_SURFACE('',#2951,2.95000000000001);
#171=CYLINDRICAL_SURFACE('',#2954,1.00000000000361);
#172=CYLINDRICAL_SURFACE('',#2956,1.);
#173=CYLINDRICAL_SURFACE('',#2957,1.);
#174=CYLINDRICAL_SURFACE('',#2960,0.999999999996389);
#175=CYLINDRICAL_SURFACE('',#2962,1.);
#176=CYLINDRICAL_SURFACE('',#2964,1.49999999999995);
#177=CYLINDRICAL_SURFACE('',#2966,1.49999999998348);
#178=CYLINDRICAL_SURFACE('',#2967,1.5);
#179=CYLINDRICAL_SURFACE('',#2969,1.50000000000334);
#180=CYLINDRICAL_SURFACE('',#2972,1.);
#181=CYLINDRICAL_SURFACE('',#2973,2.95);
#182=CYLINDRICAL_SURFACE('',#2976,2.95);
#183=CYLINDRICAL_SURFACE('',#2989,3.8);
#184=CYLINDRICAL_SURFACE('',#2992,3.8);
#185=CYLINDRICAL_SURFACE('',#2995,3.);
#186=CYLINDRICAL_SURFACE('',#2998,3.);
#187=CYLINDRICAL_SURFACE('',#3001,3.8);
#188=CYLINDRICAL_SURFACE('',#3004,3.8);
#189=CYLINDRICAL_SURFACE('',#3007,3.);
#190=CYLINDRICAL_SURFACE('',#3010,3.);
#191=CYLINDRICAL_SURFACE('',#3013,1.5);
#192=CYLINDRICAL_SURFACE('',#3016,1.5);
#193=CYLINDRICAL_SURFACE('',#3019,1.5);
#194=CYLINDRICAL_SURFACE('',#3022,1.5);
#195=CYLINDRICAL_SURFACE('',#3025,1.5);
#196=CYLINDRICAL_SURFACE('',#3038,3.);
#197=CYLINDRICAL_SURFACE('',#3041,3.);
#198=CYLINDRICAL_SURFACE('',#3044,3.8);
#199=CYLINDRICAL_SURFACE('',#3047,3.8);
#200=CYLINDRICAL_SURFACE('',#3062,3.);
#201=CYLINDRICAL_SURFACE('',#3064,3.);
#202=CYLINDRICAL_SURFACE('',#3066,3.8);
#203=CYLINDRICAL_SURFACE('',#3068,3.8);
#204=FACE_OUTER_BOUND('',#341,.T.);
#205=FACE_OUTER_BOUND('',#342,.T.);
#206=FACE_OUTER_BOUND('',#343,.T.);
#207=FACE_OUTER_BOUND('',#345,.T.);
#208=FACE_OUTER_BOUND('',#346,.T.);
#209=FACE_OUTER_BOUND('',#347,.T.);
#210=FACE_OUTER_BOUND('',#348,.T.);
#211=FACE_OUTER_BOUND('',#350,.T.);
#212=FACE_OUTER_BOUND('',#351,.T.);
#213=FACE_OUTER_BOUND('',#352,.T.);
#214=FACE_OUTER_BOUND('',#353,.T.);
#215=FACE_OUTER_BOUND('',#354,.T.);
#216=FACE_OUTER_BOUND('',#355,.T.);
#217=FACE_OUTER_BOUND('',#356,.T.);
#218=FACE_OUTER_BOUND('',#357,.T.);
#219=FACE_OUTER_BOUND('',#358,.T.);
#220=FACE_OUTER_BOUND('',#359,.T.);
#221=FACE_OUTER_BOUND('',#360,.T.);
#222=FACE_OUTER_BOUND('',#361,.T.);
#223=FACE_OUTER_BOUND('',#362,.T.);
#224=FACE_OUTER_BOUND('',#363,.T.);
#225=FACE_OUTER_BOUND('',#364,.T.);
#226=FACE_OUTER_BOUND('',#365,.T.);
#227=FACE_OUTER_BOUND('',#366,.T.);
#228=FACE_OUTER_BOUND('',#367,.T.);
#229=FACE_OUTER_BOUND('',#368,.T.);
#230=FACE_OUTER_BOUND('',#369,.T.);
#231=FACE_OUTER_BOUND('',#370,.T.);
#232=FACE_OUTER_BOUND('',#371,.T.);
#233=FACE_OUTER_BOUND('',#372,.T.);
#234=FACE_OUTER_BOUND('',#373,.T.);
#235=FACE_OUTER_BOUND('',#374,.T.);
#236=FACE_OUTER_BOUND('',#375,.T.);
#237=FACE_OUTER_BOUND('',#376,.T.);
#238=FACE_OUTER_BOUND('',#377,.T.);
#239=FACE_OUTER_BOUND('',#378,.T.);
#240=FACE_OUTER_BOUND('',#379,.T.);
#241=FACE_OUTER_BOUND('',#380,.T.);
#242=FACE_OUTER_BOUND('',#381,.T.);
#243=FACE_OUTER_BOUND('',#382,.T.);
#244=FACE_OUTER_BOUND('',#383,.T.);
#245=FACE_OUTER_BOUND('',#384,.T.);
#246=FACE_OUTER_BOUND('',#385,.T.);
#247=FACE_OUTER_BOUND('',#386,.T.);
#248=FACE_OUTER_BOUND('',#387,.T.);
#249=FACE_OUTER_BOUND('',#388,.T.);
#250=FACE_OUTER_BOUND('',#389,.T.);
#251=FACE_OUTER_BOUND('',#390,.T.);
#252=FACE_OUTER_BOUND('',#391,.T.);
#253=FACE_OUTER_BOUND('',#392,.T.);
#254=FACE_OUTER_BOUND('',#393,.T.);
#255=FACE_OUTER_BOUND('',#394,.T.);
#256=FACE_OUTER_BOUND('',#395,.T.);
#257=FACE_OUTER_BOUND('',#396,.T.);
#258=FACE_OUTER_BOUND('',#397,.T.);
#259=FACE_OUTER_BOUND('',#398,.T.);
#260=FACE_OUTER_BOUND('',#399,.T.);
#261=FACE_OUTER_BOUND('',#401,.T.);
#262=FACE_OUTER_BOUND('',#403,.T.);
#263=FACE_OUTER_BOUND('',#405,.T.);
#264=FACE_OUTER_BOUND('',#406,.T.);
#265=FACE_OUTER_BOUND('',#410,.T.);
#266=FACE_OUTER_BOUND('',#411,.T.);
#267=FACE_OUTER_BOUND('',#412,.T.);
#268=FACE_OUTER_BOUND('',#413,.T.);
#269=FACE_OUTER_BOUND('',#414,.T.);
#270=FACE_OUTER_BOUND('',#415,.T.);
#271=FACE_OUTER_BOUND('',#416,.T.);
#272=FACE_OUTER_BOUND('',#417,.T.);
#273=FACE_OUTER_BOUND('',#418,.T.);
#274=FACE_OUTER_BOUND('',#419,.T.);
#275=FACE_OUTER_BOUND('',#420,.T.);
#276=FACE_OUTER_BOUND('',#421,.T.);
#277=FACE_OUTER_BOUND('',#422,.T.);
#278=FACE_OUTER_BOUND('',#423,.T.);
#279=FACE_OUTER_BOUND('',#424,.T.);
#280=FACE_OUTER_BOUND('',#425,.T.);
#281=FACE_OUTER_BOUND('',#426,.T.);
#282=FACE_OUTER_BOUND('',#427,.T.);
#283=FACE_OUTER_BOUND('',#428,.T.);
#284=FACE_OUTER_BOUND('',#429,.T.);
#285=FACE_OUTER_BOUND('',#430,.T.);
#286=FACE_OUTER_BOUND('',#431,.T.);
#287=FACE_OUTER_BOUND('',#432,.T.);
#288=FACE_OUTER_BOUND('',#433,.T.);
#289=FACE_OUTER_BOUND('',#434,.T.);
#290=FACE_OUTER_BOUND('',#435,.T.);
#291=FACE_OUTER_BOUND('',#436,.T.);
#292=FACE_OUTER_BOUND('',#437,.T.);
#293=FACE_OUTER_BOUND('',#438,.T.);
#294=FACE_OUTER_BOUND('',#439,.T.);
#295=FACE_OUTER_BOUND('',#440,.T.);
#296=FACE_OUTER_BOUND('',#441,.T.);
#297=FACE_OUTER_BOUND('',#442,.T.);
#298=FACE_OUTER_BOUND('',#444,.T.);
#299=FACE_OUTER_BOUND('',#445,.T.);
#300=FACE_OUTER_BOUND('',#446,.T.);
#301=FACE_OUTER_BOUND('',#447,.T.);
#302=FACE_OUTER_BOUND('',#448,.T.);
#303=FACE_OUTER_BOUND('',#449,.T.);
#304=FACE_OUTER_BOUND('',#450,.T.);
#305=FACE_OUTER_BOUND('',#451,.T.);
#306=FACE_OUTER_BOUND('',#452,.T.);
#307=FACE_OUTER_BOUND('',#453,.T.);
#308=FACE_OUTER_BOUND('',#454,.T.);
#309=FACE_OUTER_BOUND('',#455,.T.);
#310=FACE_OUTER_BOUND('',#456,.T.);
#311=FACE_OUTER_BOUND('',#457,.T.);
#312=FACE_OUTER_BOUND('',#458,.T.);
#313=FACE_OUTER_BOUND('',#459,.T.);
#314=FACE_OUTER_BOUND('',#460,.T.);
#315=FACE_OUTER_BOUND('',#462,.T.);
#316=FACE_OUTER_BOUND('',#463,.T.);
#317=FACE_OUTER_BOUND('',#464,.T.);
#318=FACE_OUTER_BOUND('',#465,.T.);
#319=FACE_OUTER_BOUND('',#466,.T.);
#320=FACE_OUTER_BOUND('',#467,.T.);
#321=FACE_OUTER_BOUND('',#469,.T.);
#322=FACE_OUTER_BOUND('',#470,.T.);
#323=FACE_OUTER_BOUND('',#471,.T.);
#324=FACE_OUTER_BOUND('',#472,.T.);
#325=FACE_OUTER_BOUND('',#473,.T.);
#326=FACE_OUTER_BOUND('',#474,.T.);
#327=FACE_OUTER_BOUND('',#475,.T.);
#328=FACE_OUTER_BOUND('',#476,.T.);
#329=FACE_OUTER_BOUND('',#477,.T.);
#330=FACE_OUTER_BOUND('',#478,.T.);
#331=FACE_OUTER_BOUND('',#479,.T.);
#332=FACE_OUTER_BOUND('',#487,.T.);
#333=FACE_OUTER_BOUND('',#495,.T.);
#334=FACE_OUTER_BOUND('',#496,.T.);
#335=FACE_OUTER_BOUND('',#497,.T.);
#336=FACE_OUTER_BOUND('',#498,.T.);
#337=FACE_OUTER_BOUND('',#499,.T.);
#338=FACE_OUTER_BOUND('',#500,.T.);
#339=FACE_OUTER_BOUND('',#501,.T.);
#340=FACE_OUTER_BOUND('',#502,.T.);
#341=EDGE_LOOP('',(#1826,#1827,#1828,#1829));
#342=EDGE_LOOP('',(#1830,#1831,#1832,#1833));
#343=EDGE_LOOP('',(#1834,#1835,#1836,#1837));
#344=EDGE_LOOP('',(#1838));
#345=EDGE_LOOP('',(#1839,#1840,#1841,#1842));
#346=EDGE_LOOP('',(#1843,#1844,#1845,#1846,#1847,#1848,#1849,#1850,#1851));
#347=EDGE_LOOP('',(#1852,#1853,#1854,#1855,#1856,#1857,#1858,#1859));
#348=EDGE_LOOP('',(#1860,#1861,#1862,#1863));
#349=EDGE_LOOP('',(#1864));
#350=EDGE_LOOP('',(#1865,#1866,#1867,#1868,#1869,#1870,#1871));
#351=EDGE_LOOP('',(#1872,#1873,#1874,#1875));
#352=EDGE_LOOP('',(#1876,#1877,#1878,#1879,#1880,#1881));
#353=EDGE_LOOP('',(#1882,#1883,#1884,#1885,#1886,#1887));
#354=EDGE_LOOP('',(#1888,#1889,#1890,#1891));
#355=EDGE_LOOP('',(#1892,#1893,#1894,#1895,#1896,#1897,#1898,#1899,#1900));
#356=EDGE_LOOP('',(#1901,#1902,#1903,#1904));
#357=EDGE_LOOP('',(#1905,#1906,#1907,#1908));
#358=EDGE_LOOP('',(#1909,#1910,#1911,#1912));
#359=EDGE_LOOP('',(#1913,#1914,#1915,#1916));
#360=EDGE_LOOP('',(#1917,#1918,#1919,#1920,#1921,#1922));
#361=EDGE_LOOP('',(#1923,#1924,#1925,#1926,#1927,#1928,#1929,#1930,#1931,
#1932,#1933,#1934));
#362=EDGE_LOOP('',(#1935,#1936,#1937,#1938,#1939,#1940));
#363=EDGE_LOOP('',(#1941,#1942,#1943,#1944,#1945,#1946,#1947,#1948,#1949,
#1950,#1951,#1952,#1953,#1954,#1955,#1956));
#364=EDGE_LOOP('',(#1957,#1958,#1959,#1960,#1961,#1962));
#365=EDGE_LOOP('',(#1963,#1964,#1965,#1966));
#366=EDGE_LOOP('',(#1967,#1968,#1969,#1970));
#367=EDGE_LOOP('',(#1971,#1972,#1973,#1974));
#368=EDGE_LOOP('',(#1975,#1976,#1977,#1978,#1979,#1980));
#369=EDGE_LOOP('',(#1981,#1982,#1983,#1984));
#370=EDGE_LOOP('',(#1985,#1986,#1987,#1988));
#371=EDGE_LOOP('',(#1989,#1990,#1991,#1992));
#372=EDGE_LOOP('',(#1993,#1994,#1995,#1996));
#373=EDGE_LOOP('',(#1997,#1998,#1999,#2000));
#374=EDGE_LOOP('',(#2001,#2002,#2003,#2004,#2005,#2006));
#375=EDGE_LOOP('',(#2007,#2008,#2009,#2010));
#376=EDGE_LOOP('',(#2011,#2012,#2013,#2014,#2015,#2016,#2017));
#377=EDGE_LOOP('',(#2018,#2019,#2020,#2021));
#378=EDGE_LOOP('',(#2022,#2023,#2024,#2025));
#379=EDGE_LOOP('',(#2026,#2027,#2028,#2029));
#380=EDGE_LOOP('',(#2030,#2031,#2032,#2033,#2034,#2035,#2036,#2037,#2038,
#2039,#2040,#2041,#2042,#2043,#2044,#2045,#2046,#2047,#2048,#2049,#2050,
#2051));
#381=EDGE_LOOP('',(#2052,#2053,#2054));
#382=EDGE_LOOP('',(#2055,#2056,#2057,#2058,#2059,#2060,#2061,#2062,#2063,
#2064,#2065,#2066));
#383=EDGE_LOOP('',(#2067,#2068,#2069,#2070));
#384=EDGE_LOOP('',(#2071,#2072,#2073,#2074,#2075,#2076));
#385=EDGE_LOOP('',(#2077,#2078,#2079,#2080));
#386=EDGE_LOOP('',(#2081,#2082,#2083,#2084,#2085,#2086,#2087,#2088,#2089,
#2090,#2091,#2092));
#387=EDGE_LOOP('',(#2093,#2094,#2095));
#388=EDGE_LOOP('',(#2096,#2097,#2098,#2099));
#389=EDGE_LOOP('',(#2100,#2101,#2102,#2103,#2104,#2105,#2106,#2107));
#390=EDGE_LOOP('',(#2108,#2109,#2110,#2111,#2112,#2113,#2114,#2115,#2116,
#2117));
#391=EDGE_LOOP('',(#2118,#2119));
#392=EDGE_LOOP('',(#2120,#2121,#2122,#2123,#2124));
#393=EDGE_LOOP('',(#2125,#2126));
#394=EDGE_LOOP('',(#2127,#2128,#2129,#2130,#2131));
#395=EDGE_LOOP('',(#2132,#2133,#2134,#2135));
#396=EDGE_LOOP('',(#2136,#2137,#2138,#2139));
#397=EDGE_LOOP('',(#2140,#2141,#2142,#2143));
#398=EDGE_LOOP('',(#2144,#2145,#2146,#2147,#2148,#2149,#2150,#2151));
#399=EDGE_LOOP('',(#2152,#2153,#2154,#2155,#2156));
#400=EDGE_LOOP('',(#2157));
#401=EDGE_LOOP('',(#2158,#2159,#2160,#2161,#2162,#2163,#2164,#2165,#2166,
#2167,#2168,#2169,#2170,#2171,#2172,#2173));
#402=EDGE_LOOP('',(#2174));
#403=EDGE_LOOP('',(#2175,#2176,#2177,#2178,#2179,#2180,#2181,#2182));
#404=EDGE_LOOP('',(#2183));
#405=EDGE_LOOP('',(#2184,#2185,#2186,#2187,#2188,#2189));
#406=EDGE_LOOP('',(#2190,#2191,#2192,#2193,#2194,#2195,#2196,#2197));
#407=EDGE_LOOP('',(#2198,#2199,#2200,#2201,#2202,#2203,#2204,#2205));
#408=EDGE_LOOP('',(#2206,#2207,#2208,#2209));
#409=EDGE_LOOP('',(#2210,#2211,#2212,#2213));
#410=EDGE_LOOP('',(#2214,#2215,#2216,#2217));
#411=EDGE_LOOP('',(#2218,#2219,#2220,#2221,#2222,#2223));
#412=EDGE_LOOP('',(#2224,#2225,#2226,#2227,#2228,#2229));
#413=EDGE_LOOP('',(#2230,#2231,#2232,#2233,#2234,#2235,#2236,#2237,#2238,
#2239,#2240,#2241,#2242,#2243,#2244,#2245,#2246,#2247,#2248,#2249,#2250,
#2251,#2252,#2253,#2254,#2255));
#414=EDGE_LOOP('',(#2256,#2257,#2258,#2259));
#415=EDGE_LOOP('',(#2260,#2261,#2262,#2263,#2264,#2265,#2266,#2267,#2268,
#2269));
#416=EDGE_LOOP('',(#2270,#2271,#2272,#2273));
#417=EDGE_LOOP('',(#2274,#2275,#2276,#2277));
#418=EDGE_LOOP('',(#2278,#2279,#2280,#2281,#2282,#2283));
#419=EDGE_LOOP('',(#2284,#2285,#2286,#2287,#2288));
#420=EDGE_LOOP('',(#2289,#2290,#2291,#2292,#2293,#2294));
#421=EDGE_LOOP('',(#2295,#2296,#2297,#2298,#2299,#2300,#2301,#2302));
#422=EDGE_LOOP('',(#2303,#2304,#2305,#2306,#2307,#2308,#2309,#2310));
#423=EDGE_LOOP('',(#2311,#2312,#2313,#2314,#2315,#2316,#2317,#2318,#2319,
#2320));
#424=EDGE_LOOP('',(#2321,#2322,#2323,#2324));
#425=EDGE_LOOP('',(#2325,#2326,#2327,#2328,#2329));
#426=EDGE_LOOP('',(#2330,#2331,#2332,#2333));
#427=EDGE_LOOP('',(#2334,#2335,#2336,#2337));
#428=EDGE_LOOP('',(#2338,#2339,#2340,#2341));
#429=EDGE_LOOP('',(#2342,#2343,#2344,#2345));
#430=EDGE_LOOP('',(#2346,#2347,#2348,#2349));
#431=EDGE_LOOP('',(#2350,#2351,#2352,#2353));
#432=EDGE_LOOP('',(#2354,#2355,#2356,#2357));
#433=EDGE_LOOP('',(#2358,#2359,#2360,#2361));
#434=EDGE_LOOP('',(#2362,#2363,#2364,#2365));
#435=EDGE_LOOP('',(#2366,#2367,#2368,#2369));
#436=EDGE_LOOP('',(#2370,#2371,#2372,#2373));
#437=EDGE_LOOP('',(#2374,#2375,#2376,#2377));
#438=EDGE_LOOP('',(#2378,#2379,#2380,#2381));
#439=EDGE_LOOP('',(#2382,#2383,#2384,#2385,#2386,#2387));
#440=EDGE_LOOP('',(#2388,#2389,#2390,#2391));
#441=EDGE_LOOP('',(#2392,#2393,#2394,#2395));
#442=EDGE_LOOP('',(#2396,#2397,#2398,#2399,#2400,#2401,#2402,#2403));
#443=EDGE_LOOP('',(#2404,#2405,#2406,#2407,#2408,#2409,#2410,#2411));
#444=EDGE_LOOP('',(#2412,#2413,#2414,#2415));
#445=EDGE_LOOP('',(#2416,#2417,#2418,#2419));
#446=EDGE_LOOP('',(#2420,#2421,#2422,#2423));
#447=EDGE_LOOP('',(#2424,#2425,#2426,#2427));
#448=EDGE_LOOP('',(#2428,#2429,#2430,#2431));
#449=EDGE_LOOP('',(#2432,#2433,#2434,#2435));
#450=EDGE_LOOP('',(#2436,#2437,#2438,#2439));
#451=EDGE_LOOP('',(#2440,#2441,#2442,#2443));
#452=EDGE_LOOP('',(#2444,#2445,#2446,#2447));
#453=EDGE_LOOP('',(#2448,#2449,#2450,#2451));
#454=EDGE_LOOP('',(#2452,#2453,#2454,#2455));
#455=EDGE_LOOP('',(#2456,#2457,#2458,#2459));
#456=EDGE_LOOP('',(#2460,#2461,#2462,#2463));
#457=EDGE_LOOP('',(#2464,#2465,#2466,#2467));
#458=EDGE_LOOP('',(#2468,#2469,#2470,#2471));
#459=EDGE_LOOP('',(#2472,#2473,#2474,#2475));
#460=EDGE_LOOP('',(#2476,#2477,#2478,#2479,#2480,#2481,#2482,#2483));
#461=EDGE_LOOP('',(#2484,#2485,#2486,#2487,#2488,#2489,#2490,#2491));
#462=EDGE_LOOP('',(#2492,#2493,#2494,#2495));
#463=EDGE_LOOP('',(#2496,#2497,#2498,#2499));
#464=EDGE_LOOP('',(#2500,#2501,#2502,#2503));
#465=EDGE_LOOP('',(#2504,#2505,#2506,#2507));
#466=EDGE_LOOP('',(#2508,#2509,#2510,#2511));
#467=EDGE_LOOP('',(#2512,#2513,#2514,#2515,#2516,#2517,#2518,#2519));
#468=EDGE_LOOP('',(#2520,#2521,#2522,#2523,#2524,#2525,#2526,#2527));
#469=EDGE_LOOP('',(#2528,#2529,#2530,#2531));
#470=EDGE_LOOP('',(#2532,#2533,#2534,#2535));
#471=EDGE_LOOP('',(#2536,#2537,#2538,#2539));
#472=EDGE_LOOP('',(#2540,#2541,#2542,#2543));
#473=EDGE_LOOP('',(#2544,#2545,#2546,#2547));
#474=EDGE_LOOP('',(#2548,#2549,#2550,#2551));
#475=EDGE_LOOP('',(#2552,#2553,#2554,#2555));
#476=EDGE_LOOP('',(#2556,#2557,#2558,#2559));
#477=EDGE_LOOP('',(#2560,#2561,#2562,#2563));
#478=EDGE_LOOP('',(#2564,#2565,#2566,#2567));
#479=EDGE_LOOP('',(#2568,#2569,#2570,#2571,#2572,#2573,#2574,#2575));
#480=EDGE_LOOP('',(#2576));
#481=EDGE_LOOP('',(#2577));
#482=EDGE_LOOP('',(#2578));
#483=EDGE_LOOP('',(#2579));
#484=EDGE_LOOP('',(#2580));
#485=EDGE_LOOP('',(#2581));
#486=EDGE_LOOP('',(#2582));
#487=EDGE_LOOP('',(#2583,#2584,#2585,#2586,#2587,#2588,#2589,#2590));
#488=EDGE_LOOP('',(#2591));
#489=EDGE_LOOP('',(#2592));
#490=EDGE_LOOP('',(#2593));
#491=EDGE_LOOP('',(#2594));
#492=EDGE_LOOP('',(#2595));
#493=EDGE_LOOP('',(#2596));
#494=EDGE_LOOP('',(#2597));
#495=EDGE_LOOP('',(#2598,#2599,#2600,#2601));
#496=EDGE_LOOP('',(#2602,#2603,#2604,#2605));
#497=EDGE_LOOP('',(#2606,#2607,#2608,#2609));
#498=EDGE_LOOP('',(#2610,#2611,#2612,#2613));
#499=EDGE_LOOP('',(#2614,#2615,#2616,#2617));
#500=EDGE_LOOP('',(#2618,#2619,#2620,#2621));
#501=EDGE_LOOP('',(#2622,#2623,#2624,#2625));
#502=EDGE_LOOP('',(#2626,#2627,#2628,#2629));
#503=LINE('',#3882,#773);
#504=LINE('',#3886,#774);
#505=LINE('',#3891,#775);
#506=LINE('',#3893,#776);
#507=LINE('',#3895,#777);
#508=LINE('',#3900,#778);
#509=LINE('',#3902,#779);
#510=LINE('',#3904,#780);
#511=LINE('',#3905,#781);
#512=LINE('',#3908,#782);
#513=LINE('',#3910,#783);
#514=LINE('',#3912,#784);
#515=LINE('',#3916,#785);
#516=LINE('',#3920,#786);
#517=LINE('',#3924,#787);
#518=LINE('',#3926,#788);
#519=LINE('',#3928,#789);
#520=LINE('',#3930,#790);
#521=LINE('',#3932,#791);
#522=LINE('',#3937,#792);
#523=LINE('',#3939,#793);
#524=LINE('',#3941,#794);
#525=LINE('',#3942,#795);
#526=LINE('',#3946,#796);
#527=LINE('',#3948,#797);
#528=LINE('',#3949,#798);
#529=LINE('',#3951,#799);
#530=LINE('',#3952,#800);
#531=LINE('',#3956,#801);
#532=LINE('',#3962,#802);
#533=LINE('',#3964,#803);
#534=LINE('',#3965,#804);
#535=LINE('',#3967,#805);
#536=LINE('',#3968,#806);
#537=LINE('',#3972,#807);
#538=LINE('',#3976,#808);
#539=LINE('',#3978,#809);
#540=LINE('',#3979,#810);
#541=LINE('',#3984,#811);
#542=LINE('',#3988,#812);
#543=LINE('',#3992,#813);
#544=LINE('',#3993,#814);
#545=LINE('',#3996,#815);
#546=LINE('',#3997,#816);
#547=LINE('',#3998,#817);
#548=LINE('',#4001,#818);
#549=LINE('',#4003,#819);
#550=LINE('',#4004,#820);
#551=LINE('',#4007,#821);
#552=LINE('',#4011,#822);
#553=LINE('',#4012,#823);
#554=LINE('',#4017,#824);
#555=LINE('',#4019,#825);
#556=LINE('',#4023,#826);
#557=LINE('',#4024,#827);
#558=LINE('',#4025,#828);
#559=LINE('',#4027,#829);
#560=LINE('',#4028,#830);
#561=LINE('',#4031,#831);
#562=LINE('',#4033,#832);
#563=LINE('',#4037,#833);
#564=LINE('',#4041,#834);
#565=LINE('',#4045,#835);
#566=LINE('',#4047,#836);
#567=LINE('',#4049,#837);
#568=LINE('',#4052,#838);
#569=LINE('',#4056,#839);
#570=LINE('',#4057,#840);
#571=LINE('',#4060,#841);
#572=LINE('',#4063,#842);
#573=LINE('',#4067,#843);
#574=LINE('',#4068,#844);
#575=LINE('',#4071,#845);
#576=LINE('',#4075,#846);
#577=LINE('',#4076,#847);
#578=LINE('',#4079,#848);
#579=LINE('',#4083,#849);
#580=LINE('',#4084,#850);
#581=LINE('',#4087,#851);
#582=LINE('',#4090,#852);
#583=LINE('',#4093,#853);
#584=LINE('',#4094,#854);
#585=LINE('',#4098,#855);
#586=LINE('',#4100,#856);
#587=LINE('',#4122,#857);
#588=LINE('',#4126,#858);
#589=LINE('',#4129,#859);
#590=LINE('',#4131,#860);
#591=LINE('',#4135,#861);
#592=LINE('',#4169,#862);
#593=LINE('',#4203,#863);
#594=LINE('',#4205,#864);
#595=LINE('',#4209,#865);
#596=LINE('',#4213,#866);
#597=LINE('',#4216,#867);
#598=LINE('',#4233,#868);
#599=LINE('',#4236,#869);
#600=LINE('',#4238,#870);
#601=LINE('',#4240,#871);
#602=LINE('',#4244,#872);
#603=LINE('',#4245,#873);
#604=LINE('',#4248,#874);
#605=LINE('',#4250,#875);
#606=LINE('',#4252,#876);
#607=LINE('',#4254,#877);
#608=LINE('',#4256,#878);
#609=LINE('',#4258,#879);
#610=LINE('',#4260,#880);
#611=LINE('',#4261,#881);
#612=LINE('',#4266,#882);
#613=LINE('',#4268,#883);
#614=LINE('',#4269,#884);
#615=LINE('',#4274,#885);
#616=LINE('',#4276,#886);
#617=LINE('',#4278,#887);
#618=LINE('',#4279,#888);
#619=LINE('',#4284,#889);
#620=LINE('',#4288,#890);
#621=LINE('',#4293,#891);
#622=LINE('',#4295,#892);
#623=LINE('',#4297,#893);
#624=LINE('',#4298,#894);
#625=LINE('',#4300,#895);
#626=LINE('',#4301,#896);
#627=LINE('',#4302,#897);
#628=LINE('',#4306,#898);
#629=LINE('',#4308,#899);
#630=LINE('',#4312,#900);
#631=LINE('',#4313,#901);
#632=LINE('',#4315,#902);
#633=LINE('',#4317,#903);
#634=LINE('',#4319,#904);
#635=LINE('',#4321,#905);
#636=LINE('',#4323,#906);
#637=LINE('',#4325,#907);
#638=LINE('',#4327,#908);
#639=LINE('',#4328,#909);
#640=LINE('',#4331,#910);
#641=LINE('',#4333,#911);
#642=LINE('',#4334,#912);
#643=LINE('',#4335,#913);
#644=LINE('',#4337,#914);
#645=LINE('',#4341,#915);
#646=LINE('',#4345,#916);
#647=LINE('',#4349,#917);
#648=LINE('',#4356,#918);
#649=LINE('',#4360,#919);
#650=LINE('',#4364,#920);
#651=LINE('',#4369,#921);
#652=LINE('',#4372,#922);
#653=LINE('',#4377,#923);
#654=LINE('',#4380,#924);
#655=LINE('',#4385,#925);
#656=LINE('',#4386,#926);
#657=LINE('',#4388,#927);
#658=LINE('',#4390,#928);
#659=LINE('',#4392,#929);
#660=LINE('',#4393,#930);
#661=LINE('',#4396,#931);
#662=LINE('',#4397,#932);
#663=LINE('',#4403,#933);
#664=LINE('',#4407,#934);
#665=LINE('',#4411,#935);
#666=LINE('',#4416,#936);
#667=LINE('',#4418,#937);
#668=LINE('',#4422,#938);
#669=LINE('',#4426,#939);
#670=LINE('',#4429,#940);
#671=LINE('',#4433,#941);
#672=LINE('',#4437,#942);
#673=LINE('',#4439,#943);
#674=LINE('',#4442,#944);
#675=LINE('',#4444,#945);
#676=LINE('',#4445,#946);
#677=LINE('',#4447,#947);
#678=LINE('',#4450,#948);
#679=LINE('',#4452,#949);
#680=LINE('',#4453,#950);
#681=LINE('',#4455,#951);
#682=LINE('',#4458,#952);
#683=LINE('',#4459,#953);
#684=LINE('',#4461,#954);
#685=LINE('',#4463,#955);
#686=LINE('',#4464,#956);
#687=LINE('',#4466,#957);
#688=LINE('',#4469,#958);
#689=LINE('',#4472,#959);
#690=LINE('',#4473,#960);
#691=LINE('',#4475,#961);
#692=LINE('',#4477,#962);
#693=LINE('',#4480,#963);
#694=LINE('',#4481,#964);
#695=LINE('',#4483,#965);
#696=LINE('',#4485,#966);
#697=LINE('',#4488,#967);
#698=LINE('',#4490,#968);
#699=LINE('',#4493,#969);
#700=LINE('',#4495,#970);
#701=LINE('',#4498,#971);
#702=LINE('',#4509,#972);
#703=LINE('',#4513,#973);
#704=LINE('',#4517,#974);
#705=LINE('',#4520,#975);
#706=LINE('',#4525,#976);
#707=LINE('',#4529,#977);
#708=LINE('',#4533,#978);
#709=LINE('',#4536,#979);
#710=LINE('',#4540,#980);
#711=LINE('',#4541,#981);
#712=LINE('',#4542,#982);
#713=LINE('',#4546,#983);
#714=LINE('',#4549,#984);
#715=LINE('',#4550,#985);
#716=LINE('',#4554,#986);
#717=LINE('',#4558,#987);
#718=LINE('',#4559,#988);
#719=LINE('',#4560,#989);
#720=LINE('',#4564,#990);
#721=LINE('',#4567,#991);
#722=LINE('',#4568,#992);
#723=LINE('',#4572,#993);
#724=LINE('',#4575,#994);
#725=LINE('',#4576,#995);
#726=LINE('',#4580,#996);
#727=LINE('',#4583,#997);
#728=LINE('',#4584,#998);
#729=LINE('',#4589,#999);
#730=LINE('',#4590,#1000);
#731=LINE('',#4594,#1001);
#732=LINE('',#4597,#1002);
#733=LINE('',#4598,#1003);
#734=LINE('',#4606,#1004);
#735=LINE('',#4612,#1005);
#736=LINE('',#4618,#1006);
#737=LINE('',#4624,#1007);
#738=LINE('',#4630,#1008);
#739=LINE('',#4635,#1009);
#740=LINE('',#4639,#1010);
#741=LINE('',#4643,#1011);
#742=LINE('',#4647,#1012);
#743=LINE('',#4651,#1013);
#744=LINE('',#4655,#1014);
#745=LINE('',#4659,#1015);
#746=LINE('',#4663,#1016);
#747=LINE('',#4667,#1017);
#748=LINE('',#4669,#1018);
#749=LINE('',#4670,#1019);
#750=LINE('',#4673,#1020);
#751=LINE('',#4677,#1021);
#752=LINE('',#4678,#1022);
#753=LINE('',#4681,#1023);
#754=LINE('',#4685,#1024);
#755=LINE('',#4687,#1025);
#756=LINE('',#4688,#1026);
#757=LINE('',#4691,#1027);
#758=LINE('',#4695,#1028);
#759=LINE('',#4696,#1029);
#760=LINE('',#4699,#1030);
#761=LINE('',#4705,#1031);
#762=LINE('',#4711,#1032);
#763=LINE('',#4715,#1033);
#764=LINE('',#4719,#1034);
#765=LINE('',#4723,#1035);
#766=LINE('',#4727,#1036);
#767=LINE('',#4730,#1037);
#768=LINE('',#4732,#1038);
#769=LINE('',#4734,#1039);
#770=LINE('',#4737,#1040);
#771=LINE('',#4739,#1041);
#772=LINE('',#4741,#1042);
#773=VECTOR('',#3081,1.75);
#774=VECTOR('',#3086,1.5);
#775=VECTOR('',#3091,10.);
#776=VECTOR('',#3092,10.);
#777=VECTOR('',#3093,10.);
#778=VECTOR('',#3098,10.);
#779=VECTOR('',#3099,10.);
#780=VECTOR('',#3100,10.);
#781=VECTOR('',#3101,10.);
#782=VECTOR('',#3104,10.);
#783=VECTOR('',#3105,10.);
#784=VECTOR('',#3106,10.);
#785=VECTOR('',#3109,10.);
#786=VECTOR('',#3112,10.);
#787=VECTOR('',#3117,10.);
#788=VECTOR('',#3118,10.);
#789=VECTOR('',#3119,10.);
#790=VECTOR('',#3120,10.);
#791=VECTOR('',#3121,10.);
#792=VECTOR('',#3126,10.);
#793=VECTOR('',#3127,10.);
#794=VECTOR('',#3128,10.);
#795=VECTOR('',#3129,10.);
#796=VECTOR('',#3132,10.);
#797=VECTOR('',#3133,10.);
#798=VECTOR('',#3134,10.);
#799=VECTOR('',#3135,10.);
#800=VECTOR('',#3136,10.);
#801=VECTOR('',#3139,10.);
#802=VECTOR('',#3146,10.);
#803=VECTOR('',#3147,10.);
#804=VECTOR('',#3148,10.);
#805=VECTOR('',#3149,10.);
#806=VECTOR('',#3150,10.);
#807=VECTOR('',#3155,10.);
#808=VECTOR('',#3160,10.);
#809=VECTOR('',#3161,10.);
#810=VECTOR('',#3162,10.);
#811=VECTOR('',#3167,10.);
#812=VECTOR('',#3170,10.);
#813=VECTOR('',#3173,10.);
#814=VECTOR('',#3174,10.);
#815=VECTOR('',#3177,10.);
#816=VECTOR('',#3178,10.);
#817=VECTOR('',#3179,10.);
#818=VECTOR('',#3182,10.);
#819=VECTOR('',#3183,10.);
#820=VECTOR('',#3184,10.);
#821=VECTOR('',#3187,10.);
#822=VECTOR('',#3192,10.);
#823=VECTOR('',#3193,10.);
#824=VECTOR('',#3202,10.);
#825=VECTOR('',#3203,10.);
#826=VECTOR('',#3206,10.);
#827=VECTOR('',#3207,10.);
#828=VECTOR('',#3208,10.);
#829=VECTOR('',#3211,10.);
#830=VECTOR('',#3212,10.);
#831=VECTOR('',#3215,10.);
#832=VECTOR('',#3216,10.);
#833=VECTOR('',#3219,10.);
#834=VECTOR('',#3222,10.);
#835=VECTOR('',#3225,10.);
#836=VECTOR('',#3228,10.);
#837=VECTOR('',#3231,10.);
#838=VECTOR('',#3234,10.);
#839=VECTOR('',#3239,10.);
#840=VECTOR('',#3240,10.);
#841=VECTOR('',#3243,10.);
#842=VECTOR('',#3248,10.);
#843=VECTOR('',#3253,10.);
#844=VECTOR('',#3254,10.);
#845=VECTOR('',#3257,10.);
#846=VECTOR('',#3262,10.);
#847=VECTOR('',#3263,10.);
#848=VECTOR('',#3266,10.);
#849=VECTOR('',#3271,10.);
#850=VECTOR('',#3272,10.);
#851=VECTOR('',#3275,10.);
#852=VECTOR('',#3280,10.);
#853=VECTOR('',#3283,10.);
#854=VECTOR('',#3284,10.);
#855=VECTOR('',#3289,10.);
#856=VECTOR('',#3292,10.);
#857=VECTOR('',#3303,1.45);
#858=VECTOR('',#3306,10.);
#859=VECTOR('',#3309,10.);
#860=VECTOR('',#3310,10.);
#861=VECTOR('',#3313,10.);
#862=VECTOR('',#3322,2.35);
#863=VECTOR('',#3335,1.45);
#864=VECTOR('',#3336,10.);
#865=VECTOR('',#3339,10.);
#866=VECTOR('',#3342,10.);
#867=VECTOR('',#3345,10.);
#868=VECTOR('',#3352,2.35);
#869=VECTOR('',#3355,10.);
#870=VECTOR('',#3356,10.);
#871=VECTOR('',#3357,10.);
#872=VECTOR('',#3360,10.);
#873=VECTOR('',#3361,10.);
#874=VECTOR('',#3364,10.);
#875=VECTOR('',#3365,10.);
#876=VECTOR('',#3366,10.);
#877=VECTOR('',#3367,10.);
#878=VECTOR('',#3368,10.);
#879=VECTOR('',#3369,10.);
#880=VECTOR('',#3370,10.);
#881=VECTOR('',#3371,10.);
#882=VECTOR('',#3378,10.);
#883=VECTOR('',#3379,10.);
#884=VECTOR('',#3380,10.);
#885=VECTOR('',#3387,10.);
#886=VECTOR('',#3388,10.);
#887=VECTOR('',#3389,10.);
#888=VECTOR('',#3390,10.);
#889=VECTOR('',#3395,2.5);
#890=VECTOR('',#3400,1.5);
#891=VECTOR('',#3405,10.);
#892=VECTOR('',#3406,10.);
#893=VECTOR('',#3407,10.);
#894=VECTOR('',#3408,10.);
#895=VECTOR('',#3411,10.);
#896=VECTOR('',#3412,10.);
#897=VECTOR('',#3413,10.);
#898=VECTOR('',#3416,10.);
#899=VECTOR('',#3417,10.);
#900=VECTOR('',#3420,10.);
#901=VECTOR('',#3421,10.);
#902=VECTOR('',#3424,10.);
#903=VECTOR('',#3425,10.);
#904=VECTOR('',#3426,10.);
#905=VECTOR('',#3427,10.);
#906=VECTOR('',#3428,10.);
#907=VECTOR('',#3429,10.);
#908=VECTOR('',#3430,10.);
#909=VECTOR('',#3431,10.);
#910=VECTOR('',#3434,10.);
#911=VECTOR('',#3435,10.);
#912=VECTOR('',#3436,10.);
#913=VECTOR('',#3437,10.);
#914=VECTOR('',#3440,10.);
#915=VECTOR('',#3443,10.);
#916=VECTOR('',#3446,10.);
#917=VECTOR('',#3449,10.);
#918=VECTOR('',#3456,10.);
#919=VECTOR('',#3459,10.);
#920=VECTOR('',#3464,10.);
#921=VECTOR('',#3467,10.);
#922=VECTOR('',#3470,10.);
#923=VECTOR('',#3473,10.);
#924=VECTOR('',#3476,10.);
#925=VECTOR('',#3481,10.);
#926=VECTOR('',#3482,10.);
#927=VECTOR('',#3485,10.);
#928=VECTOR('',#3486,10.);
#929=VECTOR('',#3487,10.);
#930=VECTOR('',#3488,10.);
#931=VECTOR('',#3491,10.);
#932=VECTOR('',#3492,10.);
#933=VECTOR('',#3499,10.);
#934=VECTOR('',#3502,10.);
#935=VECTOR('',#3505,10.);
#936=VECTOR('',#3510,10.);
#937=VECTOR('',#3511,10.);
#938=VECTOR('',#3514,10.);
#939=VECTOR('',#3517,10.);
#940=VECTOR('',#3520,10.);
#941=VECTOR('',#3523,10.);
#942=VECTOR('',#3526,10.);
#943=VECTOR('',#3529,10.);
#944=VECTOR('',#3532,10.);
#945=VECTOR('',#3533,10.);
#946=VECTOR('',#3534,10.);
#947=VECTOR('',#3537,10.);
#948=VECTOR('',#3540,10.);
#949=VECTOR('',#3541,10.);
#950=VECTOR('',#3542,10.);
#951=VECTOR('',#3545,10.);
#952=VECTOR('',#3548,10.);
#953=VECTOR('',#3549,10.);
#954=VECTOR('',#3552,10.);
#955=VECTOR('',#3555,10.);
#956=VECTOR('',#3556,10.);
#957=VECTOR('',#3559,10.);
#958=VECTOR('',#3564,10.);
#959=VECTOR('',#3569,10.);
#960=VECTOR('',#3570,10.);
#961=VECTOR('',#3573,10.);
#962=VECTOR('',#3576,10.);
#963=VECTOR('',#3581,10.);
#964=VECTOR('',#3582,10.);
#965=VECTOR('',#3585,10.);
#966=VECTOR('',#3588,10.);
#967=VECTOR('',#3593,10.);
#968=VECTOR('',#3596,10.);
#969=VECTOR('',#3601,10.);
#970=VECTOR('',#3604,10.);
#971=VECTOR('',#3609,10.);
#972=VECTOR('',#3624,10.);
#973=VECTOR('',#3627,10.);
#974=VECTOR('',#3630,10.);
#975=VECTOR('',#3633,10.);
#976=VECTOR('',#3636,10.);
#977=VECTOR('',#3639,10.);
#978=VECTOR('',#3642,10.);
#979=VECTOR('',#3645,10.);
#980=VECTOR('',#3648,10.);
#981=VECTOR('',#3649,10.);
#982=VECTOR('',#3650,10.);
#983=VECTOR('',#3655,10.);
#984=VECTOR('',#3658,10.);
#985=VECTOR('',#3659,10.);
#986=VECTOR('',#3664,10.);
#987=VECTOR('',#3667,10.);
#988=VECTOR('',#3668,10.);
#989=VECTOR('',#3669,10.);
#990=VECTOR('',#3674,10.);
#991=VECTOR('',#3677,10.);
#992=VECTOR('',#3678,10.);
#993=VECTOR('',#3683,10.);
#994=VECTOR('',#3686,10.);
#995=VECTOR('',#3687,10.);
#996=VECTOR('',#3692,10.);
#997=VECTOR('',#3695,10.);
#998=VECTOR('',#3696,10.);
#999=VECTOR('',#3703,10.);
#1000=VECTOR('',#3704,10.);
#1001=VECTOR('',#3709,10.);
#1002=VECTOR('',#3712,10.);
#1003=VECTOR('',#3713,10.);
#1004=VECTOR('',#3724,1.5);
#1005=VECTOR('',#3731,1.5);
#1006=VECTOR('',#3738,1.5);
#1007=VECTOR('',#3745,1.5);
#1008=VECTOR('',#3752,1.5);
#1009=VECTOR('',#3757,10.);
#1010=VECTOR('',#3760,10.);
#1011=VECTOR('',#3763,10.);
#1012=VECTOR('',#3766,10.);
#1013=VECTOR('',#3769,10.);
#1014=VECTOR('',#3772,10.);
#1015=VECTOR('',#3775,10.);
#1016=VECTOR('',#3778,10.);
#1017=VECTOR('',#3783,10.);
#1018=VECTOR('',#3784,10.);
#1019=VECTOR('',#3785,10.);
#1020=VECTOR('',#3788,10.);
#1021=VECTOR('',#3793,10.);
#1022=VECTOR('',#3794,10.);
#1023=VECTOR('',#3797,10.);
#1024=VECTOR('',#3802,10.);
#1025=VECTOR('',#3803,10.);
#1026=VECTOR('',#3804,10.);
#1027=VECTOR('',#3807,10.);
#1028=VECTOR('',#3812,10.);
#1029=VECTOR('',#3813,10.);
#1030=VECTOR('',#3816,10.);
#1031=VECTOR('',#3823,2.375);
#1032=VECTOR('',#3830,2.375);
#1033=VECTOR('',#3835,10.);
#1034=VECTOR('',#3838,10.);
#1035=VECTOR('',#3843,10.);
#1036=VECTOR('',#3846,10.);
#1037=VECTOR('',#3851,10.);
#1038=VECTOR('',#3854,10.);
#1039=VECTOR('',#3857,10.);
#1040=VECTOR('',#3862,10.);
#1041=VECTOR('',#3865,10.);
#1042=VECTOR('',#3868,10.);
#1043=CIRCLE('',#2808,2.);
#1044=CIRCLE('',#2809,1.5);
#1045=CIRCLE('',#2811,1.5);
#1046=CIRCLE('',#2813,3.);
#1047=CIRCLE('',#2816,2.69999999999999);
#1048=CIRCLE('',#2817,0.374999999999494);
#1049=CIRCLE('',#2818,0.374999999999494);
#1050=CIRCLE('',#2820,3.);
#1051=CIRCLE('',#2824,1.1);
#1052=CIRCLE('',#2825,1.1);
#1053=CIRCLE('',#2828,0.374999999999494);
#1054=CIRCLE('',#2829,0.374999999999494);
#1055=CIRCLE('',#2832,0.374999999999494);
#1056=CIRCLE('',#2833,0.374999999999494);
#1057=CIRCLE('',#2834,2.69999999999999);
#1058=CIRCLE('',#2838,2.69999999999999);
#1059=CIRCLE('',#2841,0.374999999999494);
#1060=CIRCLE('',#2842,0.374999999999494);
#1061=CIRCLE('',#2844,1.1);
#1062=CIRCLE('',#2847,1.6);
#1063=CIRCLE('',#2848,2.74999999999897);
#1064=CIRCLE('',#2849,2.74999999999897);
#1065=CIRCLE('',#2850,1.6);
#1066=CIRCLE('',#2853,1.6);
#1067=CIRCLE('',#2856,2.74999999999897);
#1068=CIRCLE('',#2861,2.74999999999897);
#1069=CIRCLE('',#2864,1.6);
#1070=CIRCLE('',#2867,1.1);
#1071=CIRCLE('',#2871,2.69999999999999);
#1072=CIRCLE('',#2875,1.45);
#1073=CIRCLE('',#2877,1.45);
#1074=CIRCLE('',#2878,1.45);
#1075=CIRCLE('',#2881,1.45);
#1076=CIRCLE('',#2884,1.65);
#1077=CIRCLE('',#2885,1.65);
#1078=CIRCLE('',#2887,1.45);
#1079=CIRCLE('',#2888,1.45);
#1080=CIRCLE('',#2890,1.45);
#1081=CIRCLE('',#2892,1.45);
#1082=CIRCLE('',#2896,1.65);
#1083=CIRCLE('',#2898,2.95);
#1084=CIRCLE('',#2907,3.5);
#1085=CIRCLE('',#2908,1.5);
#1086=CIRCLE('',#2910,1.5);
#1087=CIRCLE('',#2914,2.95);
#1088=CIRCLE('',#2919,2.95);
#1089=CIRCLE('',#2920,2.95000000000001);
#1090=CIRCLE('',#2921,2.95);
#1091=CIRCLE('',#2922,2.95);
#1092=CIRCLE('',#2923,1.50000000000334);
#1093=CIRCLE('',#2924,1.49999999999995);
#1094=CIRCLE('',#2925,1.49999999998348);
#1095=CIRCLE('',#2926,1.5);
#1096=CIRCLE('',#2927,1.00000000000361);
#1097=CIRCLE('',#2928,1.);
#1098=CIRCLE('',#2929,0.999999999996389);
#1099=CIRCLE('',#2930,1.);
#1100=CIRCLE('',#2932,2.95);
#1101=CIRCLE('',#2936,1.);
#1102=CIRCLE('',#2937,1.49999999998348);
#1103=CIRCLE('',#2938,1.49999999999995);
#1104=CIRCLE('',#2939,1.50000000000334);
#1105=CIRCLE('',#2940,1.5);
#1106=CIRCLE('',#2941,1.);
#1107=CIRCLE('',#2942,0.999999999996389);
#1108=CIRCLE('',#2943,1.);
#1109=CIRCLE('',#2944,0.999999999996389);
#1110=CIRCLE('',#2945,1.00000000000361);
#1111=CIRCLE('',#2946,1.);
#1112=CIRCLE('',#2947,1.00000000000361);
#1113=CIRCLE('',#2950,2.95000000000001);
#1114=CIRCLE('',#2980,3.8);
#1115=CIRCLE('',#2981,3.8);
#1116=CIRCLE('',#2982,3.8);
#1117=CIRCLE('',#2983,3.8);
#1118=CIRCLE('',#2984,3.);
#1119=CIRCLE('',#2985,3.);
#1120=CIRCLE('',#2986,3.);
#1121=CIRCLE('',#2987,3.);
#1122=CIRCLE('',#2990,3.8);
#1123=CIRCLE('',#2993,3.8);
#1124=CIRCLE('',#2996,3.);
#1125=CIRCLE('',#2999,3.);
#1126=CIRCLE('',#3002,3.8);
#1127=CIRCLE('',#3005,3.8);
#1128=CIRCLE('',#3008,3.);
#1129=CIRCLE('',#3011,3.);
#1130=CIRCLE('',#3014,1.5);
#1131=CIRCLE('',#3015,1.5);
#1132=CIRCLE('',#3017,1.5);
#1133=CIRCLE('',#3018,1.5);
#1134=CIRCLE('',#3020,1.5);
#1135=CIRCLE('',#3021,1.5);
#1136=CIRCLE('',#3023,1.5);
#1137=CIRCLE('',#3024,1.5);
#1138=CIRCLE('',#3026,1.5);
#1139=CIRCLE('',#3027,1.5);
#1140=CIRCLE('',#3029,3.8);
#1141=CIRCLE('',#3030,3.8);
#1142=CIRCLE('',#3031,3.8);
#1143=CIRCLE('',#3032,3.8);
#1144=CIRCLE('',#3033,3.);
#1145=CIRCLE('',#3034,3.);
#1146=CIRCLE('',#3035,3.);
#1147=CIRCLE('',#3036,3.);
#1148=CIRCLE('',#3039,3.);
#1149=CIRCLE('',#3042,3.);
#1150=CIRCLE('',#3045,3.8);
#1151=CIRCLE('',#3048,3.8);
#1152=CIRCLE('',#3050,3.25);
#1153=CIRCLE('',#3051,1.65);
#1154=CIRCLE('',#3053,3.25);
#1155=CIRCLE('',#3054,1.65);
#1156=CIRCLE('',#3056,3.);
#1157=CIRCLE('',#3057,3.);
#1158=CIRCLE('',#3059,3.8);
#1159=CIRCLE('',#3060,3.8);
#1160=VERTEX_POINT('',#3879);
#1161=VERTEX_POINT('',#3881);
#1162=VERTEX_POINT('',#3885);
#1163=VERTEX_POINT('',#3889);
#1164=VERTEX_POINT('',#3890);
#1165=VERTEX_POINT('',#3892);
#1166=VERTEX_POINT('',#3894);
#1167=VERTEX_POINT('',#3898);
#1168=VERTEX_POINT('',#3899);
#1169=VERTEX_POINT('',#3901);
#1170=VERTEX_POINT('',#3903);
#1171=VERTEX_POINT('',#3907);
#1172=VERTEX_POINT('',#3909);
#1173=VERTEX_POINT('',#3911);
#1174=VERTEX_POINT('',#3913);
#1175=VERTEX_POINT('',#3915);
#1176=VERTEX_POINT('',#3917);
#1177=VERTEX_POINT('',#3919);
#1178=VERTEX_POINT('',#3923);
#1179=VERTEX_POINT('',#3925);
#1180=VERTEX_POINT('',#3927);
#1181=VERTEX_POINT('',#3929);
#1182=VERTEX_POINT('',#3931);
#1183=VERTEX_POINT('',#3935);
#1184=VERTEX_POINT('',#3936);
#1185=VERTEX_POINT('',#3938);
#1186=VERTEX_POINT('',#3940);
#1187=VERTEX_POINT('',#3944);
#1188=VERTEX_POINT('',#3945);
#1189=VERTEX_POINT('',#3947);
#1190=VERTEX_POINT('',#3950);
#1191=VERTEX_POINT('',#3954);
#1192=VERTEX_POINT('',#3955);
#1193=VERTEX_POINT('',#3960);
#1194=VERTEX_POINT('',#3961);
#1195=VERTEX_POINT('',#3963);
#1196=VERTEX_POINT('',#3966);
#1197=VERTEX_POINT('',#3971);
#1198=VERTEX_POINT('',#3975);
#1199=VERTEX_POINT('',#3977);
#1200=VERTEX_POINT('',#3981);
#1201=VERTEX_POINT('',#3983);
#1202=VERTEX_POINT('',#3985);
#1203=VERTEX_POINT('',#3987);
#1204=VERTEX_POINT('',#3989);
#1205=VERTEX_POINT('',#3991);
#1206=VERTEX_POINT('',#3995);
#1207=VERTEX_POINT('',#4000);
#1208=VERTEX_POINT('',#4002);
#1209=VERTEX_POINT('',#4006);
#1210=VERTEX_POINT('',#4010);
#1211=VERTEX_POINT('',#4018);
#1212=VERTEX_POINT('',#4020);
#1213=VERTEX_POINT('',#4022);
#1214=VERTEX_POINT('',#4030);
#1215=VERTEX_POINT('',#4032);
#1216=VERTEX_POINT('',#4034);
#1217=VERTEX_POINT('',#4036);
#1218=VERTEX_POINT('',#4038);
#1219=VERTEX_POINT('',#4040);
#1220=VERTEX_POINT('',#4042);
#1221=VERTEX_POINT('',#4044);
#1222=VERTEX_POINT('',#4051);
#1223=VERTEX_POINT('',#4055);
#1224=VERTEX_POINT('',#4059);
#1225=VERTEX_POINT('',#4066);
#1226=VERTEX_POINT('',#4070);
#1227=VERTEX_POINT('',#4074);
#1228=VERTEX_POINT('',#4078);
#1229=VERTEX_POINT('',#4082);
#1230=VERTEX_POINT('',#4086);
#1231=VERTEX_POINT('',#4092);
#1232=VERTEX_POINT('',#4096);
#1233=VERTEX_POINT('',#4103);
#1234=VERTEX_POINT('',#4104);
#1235=VERTEX_POINT('',#4108);
#1236=VERTEX_POINT('',#4119);
#1237=VERTEX_POINT('',#4121);
#1238=VERTEX_POINT('',#4123);
#1239=VERTEX_POINT('',#4125);
#1240=VERTEX_POINT('',#4127);
#1241=VERTEX_POINT('',#4130);
#1242=VERTEX_POINT('',#4132);
#1243=VERTEX_POINT('',#4134);
#1244=VERTEX_POINT('',#4138);
#1245=VERTEX_POINT('',#4162);
#1246=VERTEX_POINT('',#4163);
#1247=VERTEX_POINT('',#4167);
#1248=VERTEX_POINT('',#4172);
#1249=VERTEX_POINT('',#4173);
#1250=VERTEX_POINT('',#4178);
#1251=VERTEX_POINT('',#4180);
#1252=VERTEX_POINT('',#4201);
#1253=VERTEX_POINT('',#4204);
#1254=VERTEX_POINT('',#4206);
#1255=VERTEX_POINT('',#4208);
#1256=VERTEX_POINT('',#4210);
#1257=VERTEX_POINT('',#4212);
#1258=VERTEX_POINT('',#4214);
#1259=VERTEX_POINT('',#4218);
#1260=VERTEX_POINT('',#4231);
#1261=VERTEX_POINT('',#4235);
#1262=VERTEX_POINT('',#4237);
#1263=VERTEX_POINT('',#4239);
#1264=VERTEX_POINT('',#4241);
#1265=VERTEX_POINT('',#4243);
#1266=VERTEX_POINT('',#4247);
#1267=VERTEX_POINT('',#4249);
#1268=VERTEX_POINT('',#4251);
#1269=VERTEX_POINT('',#4253);
#1270=VERTEX_POINT('',#4255);
#1271=VERTEX_POINT('',#4257);
#1272=VERTEX_POINT('',#4259);
#1273=VERTEX_POINT('',#4265);
#1274=VERTEX_POINT('',#4267);
#1275=VERTEX_POINT('',#4273);
#1276=VERTEX_POINT('',#4275);
#1277=VERTEX_POINT('',#4277);
#1278=VERTEX_POINT('',#4281);
#1279=VERTEX_POINT('',#4283);
#1280=VERTEX_POINT('',#4287);
#1281=VERTEX_POINT('',#4291);
#1282=VERTEX_POINT('',#4292);
#1283=VERTEX_POINT('',#4294);
#1284=VERTEX_POINT('',#4296);
#1285=VERTEX_POINT('',#4304);
#1286=VERTEX_POINT('',#4305);
#1287=VERTEX_POINT('',#4307);
#1288=VERTEX_POINT('',#4309);
#1289=VERTEX_POINT('',#4311);
#1290=VERTEX_POINT('',#4316);
#1291=VERTEX_POINT('',#4318);
#1292=VERTEX_POINT('',#4320);
#1293=VERTEX_POINT('',#4322);
#1294=VERTEX_POINT('',#4324);
#1295=VERTEX_POINT('',#4326);
#1296=VERTEX_POINT('',#4330);
#1297=VERTEX_POINT('',#4332);
#1298=VERTEX_POINT('',#4339);
#1299=VERTEX_POINT('',#4340);
#1300=VERTEX_POINT('',#4342);
#1301=VERTEX_POINT('',#4344);
#1302=VERTEX_POINT('',#4346);
#1303=VERTEX_POINT('',#4348);
#1304=VERTEX_POINT('',#4352);
#1305=VERTEX_POINT('',#4353);
#1306=VERTEX_POINT('',#4355);
#1307=VERTEX_POINT('',#4357);
#1308=VERTEX_POINT('',#4359);
#1309=VERTEX_POINT('',#4362);
#1310=VERTEX_POINT('',#4365);
#1311=VERTEX_POINT('',#4366);
#1312=VERTEX_POINT('',#4368);
#1313=VERTEX_POINT('',#4370);
#1314=VERTEX_POINT('',#4373);
#1315=VERTEX_POINT('',#4374);
#1316=VERTEX_POINT('',#4376);
#1317=VERTEX_POINT('',#4378);
#1318=VERTEX_POINT('',#4382);
#1319=VERTEX_POINT('',#4383);
#1320=VERTEX_POINT('',#4389);
#1321=VERTEX_POINT('',#4391);
#1322=VERTEX_POINT('',#4395);
#1323=VERTEX_POINT('',#4400);
#1324=VERTEX_POINT('',#4402);
#1325=VERTEX_POINT('',#4404);
#1326=VERTEX_POINT('',#4406);
#1327=VERTEX_POINT('',#4408);
#1328=VERTEX_POINT('',#4410);
#1329=VERTEX_POINT('',#4413);
#1330=VERTEX_POINT('',#4415);
#1331=VERTEX_POINT('',#4417);
#1332=VERTEX_POINT('',#4419);
#1333=VERTEX_POINT('',#4421);
#1334=VERTEX_POINT('',#4423);
#1335=VERTEX_POINT('',#4425);
#1336=VERTEX_POINT('',#4428);
#1337=VERTEX_POINT('',#4430);
#1338=VERTEX_POINT('',#4432);
#1339=VERTEX_POINT('',#4434);
#1340=VERTEX_POINT('',#4436);
#1341=VERTEX_POINT('',#4441);
#1342=VERTEX_POINT('',#4443);
#1343=VERTEX_POINT('',#4448);
#1344=VERTEX_POINT('',#4451);
#1345=VERTEX_POINT('',#4457);
#1346=VERTEX_POINT('',#4505);
#1347=VERTEX_POINT('',#4506);
#1348=VERTEX_POINT('',#4508);
#1349=VERTEX_POINT('',#4510);
#1350=VERTEX_POINT('',#4512);
#1351=VERTEX_POINT('',#4514);
#1352=VERTEX_POINT('',#4516);
#1353=VERTEX_POINT('',#4518);
#1354=VERTEX_POINT('',#4521);
#1355=VERTEX_POINT('',#4522);
#1356=VERTEX_POINT('',#4524);
#1357=VERTEX_POINT('',#4526);
#1358=VERTEX_POINT('',#4528);
#1359=VERTEX_POINT('',#4530);
#1360=VERTEX_POINT('',#4532);
#1361=VERTEX_POINT('',#4534);
#1362=VERTEX_POINT('',#4538);
#1363=VERTEX_POINT('',#4539);
#1364=VERTEX_POINT('',#4544);
#1365=VERTEX_POINT('',#4548);
#1366=VERTEX_POINT('',#4552);
#1367=VERTEX_POINT('',#4556);
#1368=VERTEX_POINT('',#4557);
#1369=VERTEX_POINT('',#4562);
#1370=VERTEX_POINT('',#4566);
#1371=VERTEX_POINT('',#4570);
#1372=VERTEX_POINT('',#4574);
#1373=VERTEX_POINT('',#4578);
#1374=VERTEX_POINT('',#4582);
#1375=VERTEX_POINT('',#4588);
#1376=VERTEX_POINT('',#4592);
#1377=VERTEX_POINT('',#4596);
#1378=VERTEX_POINT('',#4603);
#1379=VERTEX_POINT('',#4605);
#1380=VERTEX_POINT('',#4609);
#1381=VERTEX_POINT('',#4611);
#1382=VERTEX_POINT('',#4615);
#1383=VERTEX_POINT('',#4617);
#1384=VERTEX_POINT('',#4621);
#1385=VERTEX_POINT('',#4623);
#1386=VERTEX_POINT('',#4627);
#1387=VERTEX_POINT('',#4629);
#1388=VERTEX_POINT('',#4633);
#1389=VERTEX_POINT('',#4634);
#1390=VERTEX_POINT('',#4636);
#1391=VERTEX_POINT('',#4638);
#1392=VERTEX_POINT('',#4640);
#1393=VERTEX_POINT('',#4642);
#1394=VERTEX_POINT('',#4644);
#1395=VERTEX_POINT('',#4646);
#1396=VERTEX_POINT('',#4649);
#1397=VERTEX_POINT('',#4650);
#1398=VERTEX_POINT('',#4652);
#1399=VERTEX_POINT('',#4654);
#1400=VERTEX_POINT('',#4656);
#1401=VERTEX_POINT('',#4658);
#1402=VERTEX_POINT('',#4660);
#1403=VERTEX_POINT('',#4662);
#1404=VERTEX_POINT('',#4666);
#1405=VERTEX_POINT('',#4668);
#1406=VERTEX_POINT('',#4672);
#1407=VERTEX_POINT('',#4676);
#1408=VERTEX_POINT('',#4680);
#1409=VERTEX_POINT('',#4684);
#1410=VERTEX_POINT('',#4686);
#1411=VERTEX_POINT('',#4690);
#1412=VERTEX_POINT('',#4694);
#1413=VERTEX_POINT('',#4698);
#1414=VERTEX_POINT('',#4702);
#1415=VERTEX_POINT('',#4704);
#1416=VERTEX_POINT('',#4708);
#1417=VERTEX_POINT('',#4710);
#1418=VERTEX_POINT('',#4714);
#1419=VERTEX_POINT('',#4716);
#1420=VERTEX_POINT('',#4718);
#1421=VERTEX_POINT('',#4722);
#1422=VERTEX_POINT('',#4724);
#1423=VERTEX_POINT('',#4726);
#1424=EDGE_CURVE('',#1160,#1160,#1043,.T.);
#1425=EDGE_CURVE('',#1160,#1161,#503,.T.);
#1426=EDGE_CURVE('',#1161,#1161,#1044,.T.);
#1427=EDGE_CURVE('',#1161,#1162,#504,.T.);
#1428=EDGE_CURVE('',#1162,#1162,#1045,.F.);
#1429=EDGE_CURVE('',#1163,#1164,#505,.T.);
#1430=EDGE_CURVE('',#1164,#1165,#506,.T.);
#1431=EDGE_CURVE('',#1165,#1166,#507,.T.);
#1432=EDGE_CURVE('',#1166,#1163,#1046,.T.);
#1433=EDGE_CURVE('',#1167,#1168,#508,.T.);
#1434=EDGE_CURVE('',#1168,#1169,#509,.T.);
#1435=EDGE_CURVE('',#1170,#1169,#510,.T.);
#1436=EDGE_CURVE('',#1167,#1170,#511,.T.);
#1437=EDGE_CURVE('',#1170,#1171,#512,.T.);
#1438=EDGE_CURVE('',#1169,#1172,#513,.T.);
#1439=EDGE_CURVE('',#1173,#1172,#514,.T.);
#1440=EDGE_CURVE('',#1174,#1173,#1047,.T.);
#1441=EDGE_CURVE('',#1175,#1174,#515,.T.);
#1442=EDGE_CURVE('',#1176,#1175,#1048,.T.);
#1443=EDGE_CURVE('',#1176,#1177,#516,.T.);
#1444=EDGE_CURVE('',#1171,#1177,#1049,.T.);
#1445=EDGE_CURVE('',#1171,#1178,#517,.T.);
#1446=EDGE_CURVE('',#1178,#1179,#518,.T.);
#1447=EDGE_CURVE('',#1180,#1179,#519,.T.);
#1448=EDGE_CURVE('',#1180,#1181,#520,.T.);
#1449=EDGE_CURVE('',#1181,#1182,#521,.T.);
#1450=EDGE_CURVE('',#1182,#1167,#1050,.T.);
#1451=EDGE_CURVE('',#1183,#1184,#522,.F.);
#1452=EDGE_CURVE('',#1183,#1185,#523,.T.);
#1453=EDGE_CURVE('',#1186,#1185,#524,.T.);
#1454=EDGE_CURVE('',#1184,#1186,#525,.F.);
#1455=EDGE_CURVE('',#1187,#1188,#526,.T.);
#1456=EDGE_CURVE('',#1189,#1188,#527,.T.);
#1457=EDGE_CURVE('',#1172,#1189,#528,.T.);
#1458=EDGE_CURVE('',#1190,#1168,#529,.T.);
#1459=EDGE_CURVE('',#1187,#1190,#530,.T.);
#1460=EDGE_CURVE('',#1191,#1192,#531,.T.);
#1461=EDGE_CURVE('',#1188,#1192,#1051,.T.);
#1462=EDGE_CURVE('',#1191,#1187,#1052,.T.);
#1463=EDGE_CURVE('',#1193,#1194,#532,.T.);
#1464=EDGE_CURVE('',#1194,#1195,#533,.T.);
#1465=EDGE_CURVE('',#1192,#1195,#534,.T.);
#1466=EDGE_CURVE('',#1196,#1191,#535,.T.);
#1467=EDGE_CURVE('',#1196,#1193,#536,.T.);
#1468=EDGE_CURVE('',#1176,#1177,#1053,.T.);
#1469=EDGE_CURVE('',#1175,#1197,#537,.T.);
#1470=EDGE_CURVE('',#1178,#1197,#1054,.T.);
#1471=EDGE_CURVE('',#1182,#1198,#538,.T.);
#1472=EDGE_CURVE('',#1199,#1181,#539,.T.);
#1473=EDGE_CURVE('',#1198,#1199,#540,.T.);
#1474=EDGE_CURVE('',#1200,#1180,#1055,.T.);
#1475=EDGE_CURVE('',#1200,#1201,#541,.T.);
#1476=EDGE_CURVE('',#1202,#1201,#1056,.T.);
#1477=EDGE_CURVE('',#1203,#1202,#542,.T.);
#1478=EDGE_CURVE('',#1204,#1203,#1057,.T.);
#1479=EDGE_CURVE('',#1205,#1204,#543,.T.);
#1480=EDGE_CURVE('',#1205,#1199,#544,.T.);
#1481=EDGE_CURVE('',#1198,#1206,#545,.T.);
#1482=EDGE_CURVE('',#1206,#1164,#546,.T.);
#1483=EDGE_CURVE('',#1198,#1163,#547,.T.);
#1484=EDGE_CURVE('',#1204,#1207,#548,.T.);
#1485=EDGE_CURVE('',#1207,#1208,#549,.T.);
#1486=EDGE_CURVE('',#1205,#1208,#550,.T.);
#1487=EDGE_CURVE('',#1203,#1209,#551,.T.);
#1488=EDGE_CURVE('',#1209,#1207,#1058,.T.);
#1489=EDGE_CURVE('',#1202,#1210,#552,.T.);
#1490=EDGE_CURVE('',#1210,#1209,#553,.T.);
#1491=EDGE_CURVE('',#1179,#1210,#1059,.T.);
#1492=EDGE_CURVE('',#1200,#1201,#1060,.T.);
#1493=EDGE_CURVE('',#1190,#1165,#554,.T.);
#1494=EDGE_CURVE('',#1211,#1206,#555,.T.);
#1495=EDGE_CURVE('',#1212,#1211,#1061,.T.);
#1496=EDGE_CURVE('',#1213,#1212,#556,.T.);
#1497=EDGE_CURVE('',#1213,#1183,#557,.F.);
#1498=EDGE_CURVE('',#1184,#1196,#558,.F.);
#1499=EDGE_CURVE('',#1177,#1186,#559,.T.);
#1500=EDGE_CURVE('',#1193,#1176,#560,.T.);
#1501=EDGE_CURVE('',#1201,#1214,#561,.T.);
#1502=EDGE_CURVE('',#1215,#1214,#562,.T.);
#1503=EDGE_CURVE('',#1216,#1215,#1062,.T.);
#1504=EDGE_CURVE('',#1217,#1216,#563,.T.);
#1505=EDGE_CURVE('',#1218,#1217,#1063,.T.);
#1506=EDGE_CURVE('',#1219,#1218,#564,.T.);
#1507=EDGE_CURVE('',#1220,#1219,#1064,.T.);
#1508=EDGE_CURVE('',#1221,#1220,#565,.T.);
#1509=EDGE_CURVE('',#1194,#1221,#1065,.T.);
#1510=EDGE_CURVE('',#1185,#1200,#566,.T.);
#1511=EDGE_CURVE('',#1214,#1213,#567,.T.);
#1512=EDGE_CURVE('',#1221,#1222,#568,.T.);
#1513=EDGE_CURVE('',#1195,#1222,#1066,.T.);
#1514=EDGE_CURVE('',#1220,#1223,#569,.T.);
#1515=EDGE_CURVE('',#1222,#1223,#570,.T.);
#1516=EDGE_CURVE('',#1219,#1224,#571,.T.);
#1517=EDGE_CURVE('',#1223,#1224,#1067,.T.);
#1518=EDGE_CURVE('',#1168,#1166,#572,.T.);
#1519=EDGE_CURVE('',#1218,#1225,#573,.T.);
#1520=EDGE_CURVE('',#1224,#1225,#574,.T.);
#1521=EDGE_CURVE('',#1217,#1226,#575,.T.);
#1522=EDGE_CURVE('',#1226,#1225,#1068,.T.);
#1523=EDGE_CURVE('',#1216,#1227,#576,.T.);
#1524=EDGE_CURVE('',#1227,#1226,#577,.T.);
#1525=EDGE_CURVE('',#1215,#1228,#578,.T.);
#1526=EDGE_CURVE('',#1228,#1227,#1069,.T.);
#1527=EDGE_CURVE('',#1212,#1229,#579,.T.);
#1528=EDGE_CURVE('',#1229,#1228,#580,.T.);
#1529=EDGE_CURVE('',#1211,#1230,#581,.T.);
#1530=EDGE_CURVE('',#1230,#1229,#1070,.T.);
#1531=EDGE_CURVE('',#1208,#1230,#582,.T.);
#1532=EDGE_CURVE('',#1231,#1189,#583,.T.);
#1533=EDGE_CURVE('',#1173,#1231,#584,.T.);
#1534=EDGE_CURVE('',#1232,#1231,#1071,.T.);
#1535=EDGE_CURVE('',#1174,#1232,#585,.T.);
#1536=EDGE_CURVE('',#1197,#1232,#586,.T.);
#1537=EDGE_CURVE('',#1233,#1234,#33,.T.);
#1538=EDGE_CURVE('',#1235,#1233,#1072,.T.);
#1539=EDGE_CURVE('',#1234,#1235,#29,.T.);
#1540=EDGE_CURVE('',#1236,#1236,#1073,.T.);
#1541=EDGE_CURVE('',#1236,#1237,#587,.T.);
#1542=EDGE_CURVE('',#1237,#1238,#1074,.T.);
#1543=EDGE_CURVE('',#1239,#1238,#588,.T.);
#1544=EDGE_CURVE('',#1240,#1239,#23,.T.);
#1545=EDGE_CURVE('',#1235,#1240,#589,.T.);
#1546=EDGE_CURVE('',#1241,#1233,#590,.T.);
#1547=EDGE_CURVE('',#1242,#1241,#24,.T.);
#1548=EDGE_CURVE('',#1243,#1242,#591,.T.);
#1549=EDGE_CURVE('',#1243,#1237,#1075,.T.);
#1550=EDGE_CURVE('',#1244,#1243,#34,.T.);
#1551=EDGE_CURVE('',#1238,#1244,#30,.T.);
#1552=EDGE_CURVE('',#1245,#1246,#35,.T.);
#1553=EDGE_CURVE('',#1247,#1245,#1076,.T.);
#1554=EDGE_CURVE('',#1247,#1236,#592,.T.);
#1555=EDGE_CURVE('',#1246,#1247,#1077,.T.);
#1556=EDGE_CURVE('',#1248,#1249,#36,.T.);
#1557=EDGE_CURVE('',#1250,#1248,#1078,.T.);
#1558=EDGE_CURVE('',#1251,#1250,#1079,.T.);
#1559=EDGE_CURVE('',#1249,#1251,#31,.T.);
#1560=EDGE_CURVE('',#1252,#1252,#1080,.T.);
#1561=EDGE_CURVE('',#1252,#1250,#593,.T.);
#1562=EDGE_CURVE('',#1253,#1248,#594,.T.);
#1563=EDGE_CURVE('',#1254,#1253,#25,.T.);
#1564=EDGE_CURVE('',#1255,#1254,#595,.T.);
#1565=EDGE_CURVE('',#1255,#1256,#1081,.T.);
#1566=EDGE_CURVE('',#1257,#1256,#596,.T.);
#1567=EDGE_CURVE('',#1258,#1257,#26,.T.);
#1568=EDGE_CURVE('',#1251,#1258,#597,.T.);
#1569=EDGE_CURVE('',#1259,#1255,#37,.T.);
#1570=EDGE_CURVE('',#1256,#1259,#32,.T.);
#1571=EDGE_CURVE('',#1260,#1260,#1082,.T.);
#1572=EDGE_CURVE('',#1260,#1252,#598,.T.);
#1573=EDGE_CURVE('',#1261,#1245,#599,.T.);
#1574=EDGE_CURVE('',#1261,#1262,#600,.T.);
#1575=EDGE_CURVE('',#1262,#1263,#601,.T.);
#1576=EDGE_CURVE('',#1263,#1264,#1083,.T.);
#1577=EDGE_CURVE('',#1264,#1265,#602,.T.);
#1578=EDGE_CURVE('',#1246,#1265,#603,.T.);
#1579=EDGE_CURVE('',#1266,#1234,#604,.T.);
#1580=EDGE_CURVE('',#1267,#1266,#605,.T.);
#1581=EDGE_CURVE('',#1267,#1268,#606,.T.);
#1582=EDGE_CURVE('',#1269,#1268,#607,.T.);
#1583=EDGE_CURVE('',#1269,#1270,#608,.T.);
#1584=EDGE_CURVE('',#1270,#1271,#609,.T.);
#1585=EDGE_CURVE('',#1271,#1272,#610,.T.);
#1586=EDGE_CURVE('',#1272,#1241,#611,.F.);
#1587=EDGE_CURVE('',#1240,#1239,#27,.F.);
#1588=EDGE_CURVE('',#1272,#1273,#612,.F.);
#1589=EDGE_CURVE('',#1273,#1274,#613,.F.);
#1590=EDGE_CURVE('',#1242,#1274,#614,.T.);
#1591=EDGE_CURVE('',#1258,#1257,#28,.F.);
#1592=EDGE_CURVE('',#1275,#1253,#615,.T.);
#1593=EDGE_CURVE('',#1275,#1276,#616,.F.);
#1594=EDGE_CURVE('',#1276,#1277,#617,.F.);
#1595=EDGE_CURVE('',#1254,#1277,#618,.F.);
#1596=EDGE_CURVE('',#1278,#1278,#1084,.T.);
#1597=EDGE_CURVE('',#1278,#1279,#619,.T.);
#1598=EDGE_CURVE('',#1279,#1279,#1085,.T.);
#1599=EDGE_CURVE('',#1279,#1280,#620,.T.);
#1600=EDGE_CURVE('',#1280,#1280,#1086,.T.);
#1601=EDGE_CURVE('',#1281,#1282,#621,.T.);
#1602=EDGE_CURVE('',#1281,#1283,#622,.T.);
#1603=EDGE_CURVE('',#1284,#1283,#623,.T.);
#1604=EDGE_CURVE('',#1284,#1282,#624,.T.);
#1605=EDGE_CURVE('',#1283,#1265,#625,.T.);
#1606=EDGE_CURVE('',#1274,#1281,#626,.T.);
#1607=EDGE_CURVE('',#1261,#1273,#627,.T.);
#1608=EDGE_CURVE('',#1285,#1286,#628,.T.);
#1609=EDGE_CURVE('',#1285,#1287,#629,.T.);
#1610=EDGE_CURVE('',#1287,#1288,#1087,.T.);
#1611=EDGE_CURVE('',#1288,#1289,#630,.T.);
#1612=EDGE_CURVE('',#1286,#1289,#631,.T.);
#1613=EDGE_CURVE('',#1282,#1275,#632,.T.);
#1614=EDGE_CURVE('',#1290,#1249,#633,.T.);
#1615=EDGE_CURVE('',#1291,#1290,#634,.T.);
#1616=EDGE_CURVE('',#1292,#1291,#635,.T.);
#1617=EDGE_CURVE('',#1292,#1293,#636,.T.);
#1618=EDGE_CURVE('',#1293,#1294,#637,.T.);
#1619=EDGE_CURVE('',#1295,#1294,#638,.T.);
#1620=EDGE_CURVE('',#1295,#1244,#639,.T.);
#1621=EDGE_CURVE('',#1296,#1264,#640,.T.);
#1622=EDGE_CURVE('',#1296,#1297,#641,.T.);
#1623=EDGE_CURVE('',#1297,#1287,#642,.T.);
#1624=EDGE_CURVE('',#1285,#1284,#643,.T.);
#1625=EDGE_CURVE('',#1286,#1276,#644,.T.);
#1626=EDGE_CURVE('',#1298,#1299,#645,.T.);
#1627=EDGE_CURVE('',#1300,#1298,#1088,.T.);
#1628=EDGE_CURVE('',#1301,#1300,#646,.T.);
#1629=EDGE_CURVE('',#1302,#1301,#1089,.T.);
#1630=EDGE_CURVE('',#1303,#1302,#647,.T.);
#1631=EDGE_CURVE('',#1297,#1303,#1090,.T.);
#1632=EDGE_CURVE('',#1299,#1296,#1091,.T.);
#1633=EDGE_CURVE('',#1304,#1305,#1092,.T.);
#1634=EDGE_CURVE('',#1306,#1304,#648,.T.);
#1635=EDGE_CURVE('',#1307,#1306,#1093,.T.);
#1636=EDGE_CURVE('',#1308,#1307,#649,.T.);
#1637=EDGE_CURVE('',#1293,#1308,#1094,.T.);
#1638=EDGE_CURVE('',#1309,#1292,#1095,.T.);
#1639=EDGE_CURVE('',#1305,#1309,#650,.T.);
#1640=EDGE_CURVE('',#1310,#1311,#1096,.T.);
#1641=EDGE_CURVE('',#1312,#1310,#651,.T.);
#1642=EDGE_CURVE('',#1313,#1312,#1097,.T.);
#1643=EDGE_CURVE('',#1311,#1313,#652,.T.);
#1644=EDGE_CURVE('',#1314,#1315,#1098,.T.);
#1645=EDGE_CURVE('',#1316,#1314,#653,.T.);
#1646=EDGE_CURVE('',#1317,#1316,#1099,.T.);
#1647=EDGE_CURVE('',#1315,#1317,#654,.T.);
#1648=EDGE_CURVE('',#1318,#1319,#1100,.T.);
#1649=EDGE_CURVE('',#1300,#1319,#655,.T.);
#1650=EDGE_CURVE('',#1298,#1318,#656,.T.);
#1651=EDGE_CURVE('',#1303,#1288,#657,.T.);
#1652=EDGE_CURVE('',#1302,#1320,#658,.T.);
#1653=EDGE_CURVE('',#1320,#1321,#659,.T.);
#1654=EDGE_CURVE('',#1321,#1289,#660,.T.);
#1655=EDGE_CURVE('',#1321,#1322,#661,.T.);
#1656=EDGE_CURVE('',#1322,#1277,#662,.T.);
#1657=EDGE_CURVE('',#1266,#1295,#1101,.T.);
#1658=EDGE_CURVE('',#1294,#1323,#1102,.T.);
#1659=EDGE_CURVE('',#1323,#1324,#663,.T.);
#1660=EDGE_CURVE('',#1324,#1325,#1103,.T.);
#1661=EDGE_CURVE('',#1325,#1326,#664,.T.);
#1662=EDGE_CURVE('',#1326,#1327,#1104,.T.);
#1663=EDGE_CURVE('',#1327,#1328,#665,.T.);
#1664=EDGE_CURVE('',#1328,#1291,#1105,.T.);
#1665=EDGE_CURVE('',#1290,#1329,#1106,.T.);
#1666=EDGE_CURVE('',#1329,#1330,#666,.T.);
#1667=EDGE_CURVE('',#1330,#1331,#667,.T.);
#1668=EDGE_CURVE('',#1331,#1332,#1107,.T.);
#1669=EDGE_CURVE('',#1332,#1333,#668,.T.);
#1670=EDGE_CURVE('',#1333,#1334,#1108,.T.);
#1671=EDGE_CURVE('',#1334,#1335,#669,.T.);
#1672=EDGE_CURVE('',#1335,#1331,#1109,.T.);
#1673=EDGE_CURVE('',#1331,#1336,#670,.T.);
#1674=EDGE_CURVE('',#1336,#1337,#1110,.T.);
#1675=EDGE_CURVE('',#1337,#1338,#671,.T.);
#1676=EDGE_CURVE('',#1338,#1339,#1111,.T.);
#1677=EDGE_CURVE('',#1339,#1340,#672,.T.);
#1678=EDGE_CURVE('',#1340,#1336,#1112,.T.);
#1679=EDGE_CURVE('',#1336,#1267,#673,.T.);
#1680=EDGE_CURVE('',#1341,#1269,#674,.T.);
#1681=EDGE_CURVE('',#1341,#1342,#675,.T.);
#1682=EDGE_CURVE('',#1342,#1270,#676,.T.);
#1683=EDGE_CURVE('',#1322,#1342,#677,.T.);
#1684=EDGE_CURVE('',#1343,#1320,#1113,.T.);
#1685=EDGE_CURVE('',#1319,#1343,#678,.T.);
#1686=EDGE_CURVE('',#1344,#1318,#679,.T.);
#1687=EDGE_CURVE('',#1271,#1344,#680,.T.);
#1688=EDGE_CURVE('',#1301,#1343,#681,.T.);
#1689=EDGE_CURVE('',#1268,#1345,#682,.T.);
#1690=EDGE_CURVE('',#1345,#1341,#683,.T.);
#1691=EDGE_CURVE('',#1330,#1345,#684,.T.);
#1692=EDGE_CURVE('',#1311,#1337,#685,.T.);
#1693=EDGE_CURVE('',#1310,#1340,#686,.T.);
#1694=EDGE_CURVE('',#1344,#1262,#687,.T.);
#1695=EDGE_CURVE('',#1329,#1259,#688,.T.);
#1696=EDGE_CURVE('',#1317,#1333,#689,.T.);
#1697=EDGE_CURVE('',#1315,#1332,#690,.T.);
#1698=EDGE_CURVE('',#1314,#1335,#691,.T.);
#1699=EDGE_CURVE('',#1316,#1334,#692,.T.);
#1700=EDGE_CURVE('',#1304,#1326,#693,.T.);
#1701=EDGE_CURVE('',#1306,#1325,#694,.T.);
#1702=EDGE_CURVE('',#1307,#1324,#695,.T.);
#1703=EDGE_CURVE('',#1308,#1323,#696,.T.);
#1704=EDGE_CURVE('',#1309,#1328,#697,.T.);
#1705=EDGE_CURVE('',#1305,#1327,#698,.T.);
#1706=EDGE_CURVE('',#1313,#1338,#699,.T.);
#1707=EDGE_CURVE('',#1312,#1339,#700,.T.);
#1708=EDGE_CURVE('',#1299,#1263,#701,.T.);
#1709=EDGE_CURVE('',#1346,#1347,#1114,.T.);
#1710=EDGE_CURVE('',#1346,#1348,#702,.T.);
#1711=EDGE_CURVE('',#1349,#1348,#1115,.T.);
#1712=EDGE_CURVE('',#1349,#1350,#703,.T.);
#1713=EDGE_CURVE('',#1351,#1350,#1116,.T.);
#1714=EDGE_CURVE('',#1351,#1352,#704,.T.);
#1715=EDGE_CURVE('',#1353,#1352,#1117,.T.);
#1716=EDGE_CURVE('',#1353,#1347,#705,.T.);
#1717=EDGE_CURVE('',#1354,#1355,#1118,.T.);
#1718=EDGE_CURVE('',#1356,#1354,#706,.T.);
#1719=EDGE_CURVE('',#1357,#1356,#1119,.T.);
#1720=EDGE_CURVE('',#1358,#1357,#707,.T.);
#1721=EDGE_CURVE('',#1359,#1358,#1120,.T.);
#1722=EDGE_CURVE('',#1360,#1359,#708,.T.);
#1723=EDGE_CURVE('',#1361,#1360,#1121,.T.);
#1724=EDGE_CURVE('',#1355,#1361,#709,.T.);
#1725=EDGE_CURVE('',#1362,#1363,#710,.T.);
#1726=EDGE_CURVE('',#1352,#1362,#711,.T.);
#1727=EDGE_CURVE('',#1351,#1363,#712,.T.);
#1728=EDGE_CURVE('',#1363,#1364,#1122,.T.);
#1729=EDGE_CURVE('',#1350,#1364,#713,.T.);
#1730=EDGE_CURVE('',#1364,#1365,#714,.T.);
#1731=EDGE_CURVE('',#1349,#1365,#715,.T.);
#1732=EDGE_CURVE('',#1365,#1366,#1123,.T.);
#1733=EDGE_CURVE('',#1348,#1366,#716,.T.);
#1734=EDGE_CURVE('',#1367,#1368,#717,.T.);
#1735=EDGE_CURVE('',#1360,#1367,#718,.T.);
#1736=EDGE_CURVE('',#1359,#1368,#719,.T.);
#1737=EDGE_CURVE('',#1368,#1369,#1124,.T.);
#1738=EDGE_CURVE('',#1358,#1369,#720,.T.);
#1739=EDGE_CURVE('',#1369,#1370,#721,.T.);
#1740=EDGE_CURVE('',#1357,#1370,#722,.T.);
#1741=EDGE_CURVE('',#1370,#1371,#1125,.T.);
#1742=EDGE_CURVE('',#1356,#1371,#723,.T.);
#1743=EDGE_CURVE('',#1366,#1372,#724,.T.);
#1744=EDGE_CURVE('',#1346,#1372,#725,.T.);
#1745=EDGE_CURVE('',#1372,#1373,#1126,.T.);
#1746=EDGE_CURVE('',#1347,#1373,#726,.T.);
#1747=EDGE_CURVE('',#1373,#1374,#727,.T.);
#1748=EDGE_CURVE('',#1353,#1374,#728,.T.);
#1749=EDGE_CURVE('',#1374,#1362,#1127,.T.);
#1750=EDGE_CURVE('',#1371,#1375,#729,.T.);
#1751=EDGE_CURVE('',#1354,#1375,#730,.T.);
#1752=EDGE_CURVE('',#1375,#1376,#1128,.T.);
#1753=EDGE_CURVE('',#1355,#1376,#731,.T.);
#1754=EDGE_CURVE('',#1376,#1377,#732,.T.);
#1755=EDGE_CURVE('',#1361,#1377,#733,.T.);
#1756=EDGE_CURVE('',#1377,#1367,#1129,.T.);
#1757=EDGE_CURVE('',#1378,#1378,#1130,.T.);
#1758=EDGE_CURVE('',#1378,#1379,#734,.T.);
#1759=EDGE_CURVE('',#1379,#1379,#1131,.T.);
#1760=EDGE_CURVE('',#1380,#1380,#1132,.T.);
#1761=EDGE_CURVE('',#1380,#1381,#735,.T.);
#1762=EDGE_CURVE('',#1381,#1381,#1133,.T.);
#1763=EDGE_CURVE('',#1382,#1382,#1134,.T.);
#1764=EDGE_CURVE('',#1382,#1383,#736,.T.);
#1765=EDGE_CURVE('',#1383,#1383,#1135,.T.);
#1766=EDGE_CURVE('',#1384,#1384,#1136,.T.);
#1767=EDGE_CURVE('',#1384,#1385,#737,.T.);
#1768=EDGE_CURVE('',#1385,#1385,#1137,.T.);
#1769=EDGE_CURVE('',#1386,#1386,#1138,.T.);
#1770=EDGE_CURVE('',#1386,#1387,#738,.T.);
#1771=EDGE_CURVE('',#1387,#1387,#1139,.T.);
#1772=EDGE_CURVE('',#1388,#1389,#739,.T.);
#1773=EDGE_CURVE('',#1390,#1388,#1140,.T.);
#1774=EDGE_CURVE('',#1391,#1390,#740,.T.);
#1775=EDGE_CURVE('',#1392,#1391,#1141,.T.);
#1776=EDGE_CURVE('',#1393,#1392,#741,.T.);
#1777=EDGE_CURVE('',#1394,#1393,#1142,.T.);
#1778=EDGE_CURVE('',#1395,#1394,#742,.T.);
#1779=EDGE_CURVE('',#1389,#1395,#1143,.T.);
#1780=EDGE_CURVE('',#1396,#1397,#743,.T.);
#1781=EDGE_CURVE('',#1398,#1396,#1144,.T.);
#1782=EDGE_CURVE('',#1399,#1398,#744,.T.);
#1783=EDGE_CURVE('',#1400,#1399,#1145,.T.);
#1784=EDGE_CURVE('',#1401,#1400,#745,.T.);
#1785=EDGE_CURVE('',#1402,#1401,#1146,.T.);
#1786=EDGE_CURVE('',#1403,#1402,#746,.T.);
#1787=EDGE_CURVE('',#1397,#1403,#1147,.T.);
#1788=EDGE_CURVE('',#1400,#1404,#747,.T.);
#1789=EDGE_CURVE('',#1405,#1404,#748,.T.);
#1790=EDGE_CURVE('',#1401,#1405,#749,.T.);
#1791=EDGE_CURVE('',#1399,#1406,#750,.T.);
#1792=EDGE_CURVE('',#1404,#1406,#1148,.T.);
#1793=EDGE_CURVE('',#1398,#1407,#751,.T.);
#1794=EDGE_CURVE('',#1406,#1407,#752,.T.);
#1795=EDGE_CURVE('',#1396,#1408,#753,.T.);
#1796=EDGE_CURVE('',#1407,#1408,#1149,.T.);
#1797=EDGE_CURVE('',#1392,#1409,#754,.T.);
#1798=EDGE_CURVE('',#1410,#1409,#755,.T.);
#1799=EDGE_CURVE('',#1393,#1410,#756,.T.);
#1800=EDGE_CURVE('',#1391,#1411,#757,.T.);
#1801=EDGE_CURVE('',#1409,#1411,#1150,.T.);
#1802=EDGE_CURVE('',#1390,#1412,#758,.T.);
#1803=EDGE_CURVE('',#1411,#1412,#759,.T.);
#1804=EDGE_CURVE('',#1388,#1413,#760,.T.);
#1805=EDGE_CURVE('',#1412,#1413,#1151,.T.);
#1806=EDGE_CURVE('',#1414,#1414,#1152,.T.);
#1807=EDGE_CURVE('',#1414,#1415,#761,.T.);
#1808=EDGE_CURVE('',#1415,#1415,#1153,.T.);
#1809=EDGE_CURVE('',#1416,#1416,#1154,.T.);
#1810=EDGE_CURVE('',#1416,#1417,#762,.T.);
#1811=EDGE_CURVE('',#1417,#1417,#1155,.T.);
#1812=EDGE_CURVE('',#1408,#1418,#763,.T.);
#1813=EDGE_CURVE('',#1418,#1419,#1156,.T.);
#1814=EDGE_CURVE('',#1419,#1420,#764,.T.);
#1815=EDGE_CURVE('',#1420,#1405,#1157,.T.);
#1816=EDGE_CURVE('',#1413,#1421,#765,.T.);
#1817=EDGE_CURVE('',#1421,#1422,#1158,.T.);
#1818=EDGE_CURVE('',#1422,#1423,#766,.T.);
#1819=EDGE_CURVE('',#1423,#1410,#1159,.T.);
#1820=EDGE_CURVE('',#1397,#1418,#767,.T.);
#1821=EDGE_CURVE('',#1402,#1420,#768,.T.);
#1822=EDGE_CURVE('',#1403,#1419,#769,.T.);
#1823=EDGE_CURVE('',#1389,#1421,#770,.T.);
#1824=EDGE_CURVE('',#1394,#1423,#771,.T.);
#1825=EDGE_CURVE('',#1395,#1422,#772,.T.);
#1826=ORIENTED_EDGE('',*,*,#1424,.T.);
#1827=ORIENTED_EDGE('',*,*,#1425,.T.);
#1828=ORIENTED_EDGE('',*,*,#1426,.T.);
#1829=ORIENTED_EDGE('',*,*,#1425,.F.);
#1830=ORIENTED_EDGE('',*,*,#1426,.F.);
#1831=ORIENTED_EDGE('',*,*,#1427,.T.);
#1832=ORIENTED_EDGE('',*,*,#1428,.T.);
#1833=ORIENTED_EDGE('',*,*,#1427,.F.);
#1834=ORIENTED_EDGE('',*,*,#1429,.T.);
#1835=ORIENTED_EDGE('',*,*,#1430,.T.);
#1836=ORIENTED_EDGE('',*,*,#1431,.T.);
#1837=ORIENTED_EDGE('',*,*,#1432,.T.);
#1838=ORIENTED_EDGE('',*,*,#1424,.F.);
#1839=ORIENTED_EDGE('',*,*,#1433,.T.);
#1840=ORIENTED_EDGE('',*,*,#1434,.T.);
#1841=ORIENTED_EDGE('',*,*,#1435,.F.);
#1842=ORIENTED_EDGE('',*,*,#1436,.F.);
#1843=ORIENTED_EDGE('',*,*,#1437,.F.);
#1844=ORIENTED_EDGE('',*,*,#1435,.T.);
#1845=ORIENTED_EDGE('',*,*,#1438,.T.);
#1846=ORIENTED_EDGE('',*,*,#1439,.F.);
#1847=ORIENTED_EDGE('',*,*,#1440,.F.);
#1848=ORIENTED_EDGE('',*,*,#1441,.F.);
#1849=ORIENTED_EDGE('',*,*,#1442,.F.);
#1850=ORIENTED_EDGE('',*,*,#1443,.T.);
#1851=ORIENTED_EDGE('',*,*,#1444,.F.);
#1852=ORIENTED_EDGE('',*,*,#1436,.T.);
#1853=ORIENTED_EDGE('',*,*,#1437,.T.);
#1854=ORIENTED_EDGE('',*,*,#1445,.T.);
#1855=ORIENTED_EDGE('',*,*,#1446,.T.);
#1856=ORIENTED_EDGE('',*,*,#1447,.F.);
#1857=ORIENTED_EDGE('',*,*,#1448,.T.);
#1858=ORIENTED_EDGE('',*,*,#1449,.T.);
#1859=ORIENTED_EDGE('',*,*,#1450,.T.);
#1860=ORIENTED_EDGE('',*,*,#1451,.F.);
#1861=ORIENTED_EDGE('',*,*,#1452,.T.);
#1862=ORIENTED_EDGE('',*,*,#1453,.F.);
#1863=ORIENTED_EDGE('',*,*,#1454,.F.);
#1864=ORIENTED_EDGE('',*,*,#1428,.F.);
#1865=ORIENTED_EDGE('',*,*,#1455,.T.);
#1866=ORIENTED_EDGE('',*,*,#1456,.F.);
#1867=ORIENTED_EDGE('',*,*,#1457,.F.);
#1868=ORIENTED_EDGE('',*,*,#1438,.F.);
#1869=ORIENTED_EDGE('',*,*,#1434,.F.);
#1870=ORIENTED_EDGE('',*,*,#1458,.F.);
#1871=ORIENTED_EDGE('',*,*,#1459,.F.);
#1872=ORIENTED_EDGE('',*,*,#1460,.T.);
#1873=ORIENTED_EDGE('',*,*,#1461,.F.);
#1874=ORIENTED_EDGE('',*,*,#1455,.F.);
#1875=ORIENTED_EDGE('',*,*,#1462,.F.);
#1876=ORIENTED_EDGE('',*,*,#1463,.T.);
#1877=ORIENTED_EDGE('',*,*,#1464,.T.);
#1878=ORIENTED_EDGE('',*,*,#1465,.F.);
#1879=ORIENTED_EDGE('',*,*,#1460,.F.);
#1880=ORIENTED_EDGE('',*,*,#1466,.F.);
#1881=ORIENTED_EDGE('',*,*,#1467,.T.);
#1882=ORIENTED_EDGE('',*,*,#1444,.T.);
#1883=ORIENTED_EDGE('',*,*,#1468,.F.);
#1884=ORIENTED_EDGE('',*,*,#1442,.T.);
#1885=ORIENTED_EDGE('',*,*,#1469,.T.);
#1886=ORIENTED_EDGE('',*,*,#1470,.F.);
#1887=ORIENTED_EDGE('',*,*,#1445,.F.);
#1888=ORIENTED_EDGE('',*,*,#1471,.F.);
#1889=ORIENTED_EDGE('',*,*,#1449,.F.);
#1890=ORIENTED_EDGE('',*,*,#1472,.F.);
#1891=ORIENTED_EDGE('',*,*,#1473,.F.);
#1892=ORIENTED_EDGE('',*,*,#1448,.F.);
#1893=ORIENTED_EDGE('',*,*,#1474,.F.);
#1894=ORIENTED_EDGE('',*,*,#1475,.T.);
#1895=ORIENTED_EDGE('',*,*,#1476,.F.);
#1896=ORIENTED_EDGE('',*,*,#1477,.F.);
#1897=ORIENTED_EDGE('',*,*,#1478,.F.);
#1898=ORIENTED_EDGE('',*,*,#1479,.F.);
#1899=ORIENTED_EDGE('',*,*,#1480,.T.);
#1900=ORIENTED_EDGE('',*,*,#1472,.T.);
#1901=ORIENTED_EDGE('',*,*,#1481,.T.);
#1902=ORIENTED_EDGE('',*,*,#1482,.T.);
#1903=ORIENTED_EDGE('',*,*,#1429,.F.);
#1904=ORIENTED_EDGE('',*,*,#1483,.F.);
#1905=ORIENTED_EDGE('',*,*,#1479,.T.);
#1906=ORIENTED_EDGE('',*,*,#1484,.T.);
#1907=ORIENTED_EDGE('',*,*,#1485,.T.);
#1908=ORIENTED_EDGE('',*,*,#1486,.F.);
#1909=ORIENTED_EDGE('',*,*,#1478,.T.);
#1910=ORIENTED_EDGE('',*,*,#1487,.T.);
#1911=ORIENTED_EDGE('',*,*,#1488,.T.);
#1912=ORIENTED_EDGE('',*,*,#1484,.F.);
#1913=ORIENTED_EDGE('',*,*,#1477,.T.);
#1914=ORIENTED_EDGE('',*,*,#1489,.T.);
#1915=ORIENTED_EDGE('',*,*,#1490,.T.);
#1916=ORIENTED_EDGE('',*,*,#1487,.F.);
#1917=ORIENTED_EDGE('',*,*,#1474,.T.);
#1918=ORIENTED_EDGE('',*,*,#1447,.T.);
#1919=ORIENTED_EDGE('',*,*,#1491,.T.);
#1920=ORIENTED_EDGE('',*,*,#1489,.F.);
#1921=ORIENTED_EDGE('',*,*,#1476,.T.);
#1922=ORIENTED_EDGE('',*,*,#1492,.F.);
#1923=ORIENTED_EDGE('',*,*,#1493,.T.);
#1924=ORIENTED_EDGE('',*,*,#1430,.F.);
#1925=ORIENTED_EDGE('',*,*,#1482,.F.);
#1926=ORIENTED_EDGE('',*,*,#1494,.F.);
#1927=ORIENTED_EDGE('',*,*,#1495,.F.);
#1928=ORIENTED_EDGE('',*,*,#1496,.F.);
#1929=ORIENTED_EDGE('',*,*,#1497,.T.);
#1930=ORIENTED_EDGE('',*,*,#1451,.T.);
#1931=ORIENTED_EDGE('',*,*,#1498,.T.);
#1932=ORIENTED_EDGE('',*,*,#1466,.T.);
#1933=ORIENTED_EDGE('',*,*,#1462,.T.);
#1934=ORIENTED_EDGE('',*,*,#1459,.T.);
#1935=ORIENTED_EDGE('',*,*,#1498,.F.);
#1936=ORIENTED_EDGE('',*,*,#1454,.T.);
#1937=ORIENTED_EDGE('',*,*,#1499,.F.);
#1938=ORIENTED_EDGE('',*,*,#1443,.F.);
#1939=ORIENTED_EDGE('',*,*,#1500,.F.);
#1940=ORIENTED_EDGE('',*,*,#1467,.F.);
#1941=ORIENTED_EDGE('',*,*,#1492,.T.);
#1942=ORIENTED_EDGE('',*,*,#1501,.T.);
#1943=ORIENTED_EDGE('',*,*,#1502,.F.);
#1944=ORIENTED_EDGE('',*,*,#1503,.F.);
#1945=ORIENTED_EDGE('',*,*,#1504,.F.);
#1946=ORIENTED_EDGE('',*,*,#1505,.F.);
#1947=ORIENTED_EDGE('',*,*,#1506,.F.);
#1948=ORIENTED_EDGE('',*,*,#1507,.F.);
#1949=ORIENTED_EDGE('',*,*,#1508,.F.);
#1950=ORIENTED_EDGE('',*,*,#1509,.F.);
#1951=ORIENTED_EDGE('',*,*,#1463,.F.);
#1952=ORIENTED_EDGE('',*,*,#1500,.T.);
#1953=ORIENTED_EDGE('',*,*,#1468,.T.);
#1954=ORIENTED_EDGE('',*,*,#1499,.T.);
#1955=ORIENTED_EDGE('',*,*,#1453,.T.);
#1956=ORIENTED_EDGE('',*,*,#1510,.T.);
#1957=ORIENTED_EDGE('',*,*,#1510,.F.);
#1958=ORIENTED_EDGE('',*,*,#1452,.F.);
#1959=ORIENTED_EDGE('',*,*,#1497,.F.);
#1960=ORIENTED_EDGE('',*,*,#1511,.F.);
#1961=ORIENTED_EDGE('',*,*,#1501,.F.);
#1962=ORIENTED_EDGE('',*,*,#1475,.F.);
#1963=ORIENTED_EDGE('',*,*,#1509,.T.);
#1964=ORIENTED_EDGE('',*,*,#1512,.T.);
#1965=ORIENTED_EDGE('',*,*,#1513,.F.);
#1966=ORIENTED_EDGE('',*,*,#1464,.F.);
#1967=ORIENTED_EDGE('',*,*,#1508,.T.);
#1968=ORIENTED_EDGE('',*,*,#1514,.T.);
#1969=ORIENTED_EDGE('',*,*,#1515,.F.);
#1970=ORIENTED_EDGE('',*,*,#1512,.F.);
#1971=ORIENTED_EDGE('',*,*,#1507,.T.);
#1972=ORIENTED_EDGE('',*,*,#1516,.T.);
#1973=ORIENTED_EDGE('',*,*,#1517,.F.);
#1974=ORIENTED_EDGE('',*,*,#1514,.F.);
#1975=ORIENTED_EDGE('',*,*,#1450,.F.);
#1976=ORIENTED_EDGE('',*,*,#1471,.T.);
#1977=ORIENTED_EDGE('',*,*,#1483,.T.);
#1978=ORIENTED_EDGE('',*,*,#1432,.F.);
#1979=ORIENTED_EDGE('',*,*,#1518,.F.);
#1980=ORIENTED_EDGE('',*,*,#1433,.F.);
#1981=ORIENTED_EDGE('',*,*,#1458,.T.);
#1982=ORIENTED_EDGE('',*,*,#1518,.T.);
#1983=ORIENTED_EDGE('',*,*,#1431,.F.);
#1984=ORIENTED_EDGE('',*,*,#1493,.F.);
#1985=ORIENTED_EDGE('',*,*,#1506,.T.);
#1986=ORIENTED_EDGE('',*,*,#1519,.T.);
#1987=ORIENTED_EDGE('',*,*,#1520,.F.);
#1988=ORIENTED_EDGE('',*,*,#1516,.F.);
#1989=ORIENTED_EDGE('',*,*,#1505,.T.);
#1990=ORIENTED_EDGE('',*,*,#1521,.T.);
#1991=ORIENTED_EDGE('',*,*,#1522,.T.);
#1992=ORIENTED_EDGE('',*,*,#1519,.F.);
#1993=ORIENTED_EDGE('',*,*,#1504,.T.);
#1994=ORIENTED_EDGE('',*,*,#1523,.T.);
#1995=ORIENTED_EDGE('',*,*,#1524,.T.);
#1996=ORIENTED_EDGE('',*,*,#1521,.F.);
#1997=ORIENTED_EDGE('',*,*,#1503,.T.);
#1998=ORIENTED_EDGE('',*,*,#1525,.T.);
#1999=ORIENTED_EDGE('',*,*,#1526,.T.);
#2000=ORIENTED_EDGE('',*,*,#1523,.F.);
#2001=ORIENTED_EDGE('',*,*,#1527,.T.);
#2002=ORIENTED_EDGE('',*,*,#1528,.T.);
#2003=ORIENTED_EDGE('',*,*,#1525,.F.);
#2004=ORIENTED_EDGE('',*,*,#1502,.T.);
#2005=ORIENTED_EDGE('',*,*,#1511,.T.);
#2006=ORIENTED_EDGE('',*,*,#1496,.T.);
#2007=ORIENTED_EDGE('',*,*,#1529,.T.);
#2008=ORIENTED_EDGE('',*,*,#1530,.T.);
#2009=ORIENTED_EDGE('',*,*,#1527,.F.);
#2010=ORIENTED_EDGE('',*,*,#1495,.T.);
#2011=ORIENTED_EDGE('',*,*,#1486,.T.);
#2012=ORIENTED_EDGE('',*,*,#1531,.T.);
#2013=ORIENTED_EDGE('',*,*,#1529,.F.);
#2014=ORIENTED_EDGE('',*,*,#1494,.T.);
#2015=ORIENTED_EDGE('',*,*,#1481,.F.);
#2016=ORIENTED_EDGE('',*,*,#1473,.T.);
#2017=ORIENTED_EDGE('',*,*,#1480,.F.);
#2018=ORIENTED_EDGE('',*,*,#1439,.T.);
#2019=ORIENTED_EDGE('',*,*,#1457,.T.);
#2020=ORIENTED_EDGE('',*,*,#1532,.F.);
#2021=ORIENTED_EDGE('',*,*,#1533,.F.);
#2022=ORIENTED_EDGE('',*,*,#1440,.T.);
#2023=ORIENTED_EDGE('',*,*,#1533,.T.);
#2024=ORIENTED_EDGE('',*,*,#1534,.F.);
#2025=ORIENTED_EDGE('',*,*,#1535,.F.);
#2026=ORIENTED_EDGE('',*,*,#1441,.T.);
#2027=ORIENTED_EDGE('',*,*,#1535,.T.);
#2028=ORIENTED_EDGE('',*,*,#1536,.F.);
#2029=ORIENTED_EDGE('',*,*,#1469,.F.);
#2030=ORIENTED_EDGE('',*,*,#1536,.T.);
#2031=ORIENTED_EDGE('',*,*,#1534,.T.);
#2032=ORIENTED_EDGE('',*,*,#1532,.T.);
#2033=ORIENTED_EDGE('',*,*,#1456,.T.);
#2034=ORIENTED_EDGE('',*,*,#1461,.T.);
#2035=ORIENTED_EDGE('',*,*,#1465,.T.);
#2036=ORIENTED_EDGE('',*,*,#1513,.T.);
#2037=ORIENTED_EDGE('',*,*,#1515,.T.);
#2038=ORIENTED_EDGE('',*,*,#1517,.T.);
#2039=ORIENTED_EDGE('',*,*,#1520,.T.);
#2040=ORIENTED_EDGE('',*,*,#1522,.F.);
#2041=ORIENTED_EDGE('',*,*,#1524,.F.);
#2042=ORIENTED_EDGE('',*,*,#1526,.F.);
#2043=ORIENTED_EDGE('',*,*,#1528,.F.);
#2044=ORIENTED_EDGE('',*,*,#1530,.F.);
#2045=ORIENTED_EDGE('',*,*,#1531,.F.);
#2046=ORIENTED_EDGE('',*,*,#1485,.F.);
#2047=ORIENTED_EDGE('',*,*,#1488,.F.);
#2048=ORIENTED_EDGE('',*,*,#1490,.F.);
#2049=ORIENTED_EDGE('',*,*,#1491,.F.);
#2050=ORIENTED_EDGE('',*,*,#1446,.F.);
#2051=ORIENTED_EDGE('',*,*,#1470,.T.);
#2052=ORIENTED_EDGE('',*,*,#1537,.F.);
#2053=ORIENTED_EDGE('',*,*,#1538,.F.);
#2054=ORIENTED_EDGE('',*,*,#1539,.F.);
#2055=ORIENTED_EDGE('',*,*,#1540,.F.);
#2056=ORIENTED_EDGE('',*,*,#1541,.T.);
#2057=ORIENTED_EDGE('',*,*,#1542,.T.);
#2058=ORIENTED_EDGE('',*,*,#1543,.F.);
#2059=ORIENTED_EDGE('',*,*,#1544,.F.);
#2060=ORIENTED_EDGE('',*,*,#1545,.F.);
#2061=ORIENTED_EDGE('',*,*,#1538,.T.);
#2062=ORIENTED_EDGE('',*,*,#1546,.F.);
#2063=ORIENTED_EDGE('',*,*,#1547,.F.);
#2064=ORIENTED_EDGE('',*,*,#1548,.F.);
#2065=ORIENTED_EDGE('',*,*,#1549,.T.);
#2066=ORIENTED_EDGE('',*,*,#1541,.F.);
#2067=ORIENTED_EDGE('',*,*,#1550,.F.);
#2068=ORIENTED_EDGE('',*,*,#1551,.F.);
#2069=ORIENTED_EDGE('',*,*,#1542,.F.);
#2070=ORIENTED_EDGE('',*,*,#1549,.F.);
#2071=ORIENTED_EDGE('',*,*,#1552,.F.);
#2072=ORIENTED_EDGE('',*,*,#1553,.F.);
#2073=ORIENTED_EDGE('',*,*,#1554,.T.);
#2074=ORIENTED_EDGE('',*,*,#1540,.T.);
#2075=ORIENTED_EDGE('',*,*,#1554,.F.);
#2076=ORIENTED_EDGE('',*,*,#1555,.F.);
#2077=ORIENTED_EDGE('',*,*,#1556,.F.);
#2078=ORIENTED_EDGE('',*,*,#1557,.F.);
#2079=ORIENTED_EDGE('',*,*,#1558,.F.);
#2080=ORIENTED_EDGE('',*,*,#1559,.F.);
#2081=ORIENTED_EDGE('',*,*,#1560,.F.);
#2082=ORIENTED_EDGE('',*,*,#1561,.T.);
#2083=ORIENTED_EDGE('',*,*,#1557,.T.);
#2084=ORIENTED_EDGE('',*,*,#1562,.F.);
#2085=ORIENTED_EDGE('',*,*,#1563,.F.);
#2086=ORIENTED_EDGE('',*,*,#1564,.F.);
#2087=ORIENTED_EDGE('',*,*,#1565,.T.);
#2088=ORIENTED_EDGE('',*,*,#1566,.F.);
#2089=ORIENTED_EDGE('',*,*,#1567,.F.);
#2090=ORIENTED_EDGE('',*,*,#1568,.F.);
#2091=ORIENTED_EDGE('',*,*,#1558,.T.);
#2092=ORIENTED_EDGE('',*,*,#1561,.F.);
#2093=ORIENTED_EDGE('',*,*,#1569,.F.);
#2094=ORIENTED_EDGE('',*,*,#1570,.F.);
#2095=ORIENTED_EDGE('',*,*,#1565,.F.);
#2096=ORIENTED_EDGE('',*,*,#1571,.F.);
#2097=ORIENTED_EDGE('',*,*,#1572,.T.);
#2098=ORIENTED_EDGE('',*,*,#1560,.T.);
#2099=ORIENTED_EDGE('',*,*,#1572,.F.);
#2100=ORIENTED_EDGE('',*,*,#1555,.T.);
#2101=ORIENTED_EDGE('',*,*,#1553,.T.);
#2102=ORIENTED_EDGE('',*,*,#1573,.F.);
#2103=ORIENTED_EDGE('',*,*,#1574,.T.);
#2104=ORIENTED_EDGE('',*,*,#1575,.T.);
#2105=ORIENTED_EDGE('',*,*,#1576,.T.);
#2106=ORIENTED_EDGE('',*,*,#1577,.T.);
#2107=ORIENTED_EDGE('',*,*,#1578,.F.);
#2108=ORIENTED_EDGE('',*,*,#1546,.T.);
#2109=ORIENTED_EDGE('',*,*,#1537,.T.);
#2110=ORIENTED_EDGE('',*,*,#1579,.F.);
#2111=ORIENTED_EDGE('',*,*,#1580,.F.);
#2112=ORIENTED_EDGE('',*,*,#1581,.T.);
#2113=ORIENTED_EDGE('',*,*,#1582,.F.);
#2114=ORIENTED_EDGE('',*,*,#1583,.T.);
#2115=ORIENTED_EDGE('',*,*,#1584,.T.);
#2116=ORIENTED_EDGE('',*,*,#1585,.T.);
#2117=ORIENTED_EDGE('',*,*,#1586,.T.);
#2118=ORIENTED_EDGE('',*,*,#1544,.T.);
#2119=ORIENTED_EDGE('',*,*,#1587,.F.);
#2120=ORIENTED_EDGE('',*,*,#1547,.T.);
#2121=ORIENTED_EDGE('',*,*,#1586,.F.);
#2122=ORIENTED_EDGE('',*,*,#1588,.T.);
#2123=ORIENTED_EDGE('',*,*,#1589,.T.);
#2124=ORIENTED_EDGE('',*,*,#1590,.F.);
#2125=ORIENTED_EDGE('',*,*,#1567,.T.);
#2126=ORIENTED_EDGE('',*,*,#1591,.F.);
#2127=ORIENTED_EDGE('',*,*,#1563,.T.);
#2128=ORIENTED_EDGE('',*,*,#1592,.F.);
#2129=ORIENTED_EDGE('',*,*,#1593,.T.);
#2130=ORIENTED_EDGE('',*,*,#1594,.T.);
#2131=ORIENTED_EDGE('',*,*,#1595,.F.);
#2132=ORIENTED_EDGE('',*,*,#1596,.F.);
#2133=ORIENTED_EDGE('',*,*,#1597,.T.);
#2134=ORIENTED_EDGE('',*,*,#1598,.T.);
#2135=ORIENTED_EDGE('',*,*,#1597,.F.);
#2136=ORIENTED_EDGE('',*,*,#1598,.F.);
#2137=ORIENTED_EDGE('',*,*,#1599,.T.);
#2138=ORIENTED_EDGE('',*,*,#1600,.F.);
#2139=ORIENTED_EDGE('',*,*,#1599,.F.);
#2140=ORIENTED_EDGE('',*,*,#1601,.F.);
#2141=ORIENTED_EDGE('',*,*,#1602,.T.);
#2142=ORIENTED_EDGE('',*,*,#1603,.F.);
#2143=ORIENTED_EDGE('',*,*,#1604,.T.);
#2144=ORIENTED_EDGE('',*,*,#1552,.T.);
#2145=ORIENTED_EDGE('',*,*,#1578,.T.);
#2146=ORIENTED_EDGE('',*,*,#1605,.F.);
#2147=ORIENTED_EDGE('',*,*,#1602,.F.);
#2148=ORIENTED_EDGE('',*,*,#1606,.F.);
#2149=ORIENTED_EDGE('',*,*,#1589,.F.);
#2150=ORIENTED_EDGE('',*,*,#1607,.F.);
#2151=ORIENTED_EDGE('',*,*,#1573,.T.);
#2152=ORIENTED_EDGE('',*,*,#1608,.F.);
#2153=ORIENTED_EDGE('',*,*,#1609,.T.);
#2154=ORIENTED_EDGE('',*,*,#1610,.T.);
#2155=ORIENTED_EDGE('',*,*,#1611,.T.);
#2156=ORIENTED_EDGE('',*,*,#1612,.F.);
#2157=ORIENTED_EDGE('',*,*,#1571,.T.);
#2158=ORIENTED_EDGE('',*,*,#1548,.T.);
#2159=ORIENTED_EDGE('',*,*,#1590,.T.);
#2160=ORIENTED_EDGE('',*,*,#1606,.T.);
#2161=ORIENTED_EDGE('',*,*,#1601,.T.);
#2162=ORIENTED_EDGE('',*,*,#1613,.T.);
#2163=ORIENTED_EDGE('',*,*,#1592,.T.);
#2164=ORIENTED_EDGE('',*,*,#1562,.T.);
#2165=ORIENTED_EDGE('',*,*,#1556,.T.);
#2166=ORIENTED_EDGE('',*,*,#1614,.F.);
#2167=ORIENTED_EDGE('',*,*,#1615,.F.);
#2168=ORIENTED_EDGE('',*,*,#1616,.F.);
#2169=ORIENTED_EDGE('',*,*,#1617,.T.);
#2170=ORIENTED_EDGE('',*,*,#1618,.T.);
#2171=ORIENTED_EDGE('',*,*,#1619,.F.);
#2172=ORIENTED_EDGE('',*,*,#1620,.T.);
#2173=ORIENTED_EDGE('',*,*,#1550,.T.);
#2174=ORIENTED_EDGE('',*,*,#1600,.T.);
#2175=ORIENTED_EDGE('',*,*,#1605,.T.);
#2176=ORIENTED_EDGE('',*,*,#1577,.F.);
#2177=ORIENTED_EDGE('',*,*,#1621,.F.);
#2178=ORIENTED_EDGE('',*,*,#1622,.T.);
#2179=ORIENTED_EDGE('',*,*,#1623,.T.);
#2180=ORIENTED_EDGE('',*,*,#1609,.F.);
#2181=ORIENTED_EDGE('',*,*,#1624,.T.);
#2182=ORIENTED_EDGE('',*,*,#1603,.T.);
#2183=ORIENTED_EDGE('',*,*,#1596,.T.);
#2184=ORIENTED_EDGE('',*,*,#1608,.T.);
#2185=ORIENTED_EDGE('',*,*,#1625,.T.);
#2186=ORIENTED_EDGE('',*,*,#1593,.F.);
#2187=ORIENTED_EDGE('',*,*,#1613,.F.);
#2188=ORIENTED_EDGE('',*,*,#1604,.F.);
#2189=ORIENTED_EDGE('',*,*,#1624,.F.);
#2190=ORIENTED_EDGE('',*,*,#1626,.F.);
#2191=ORIENTED_EDGE('',*,*,#1627,.F.);
#2192=ORIENTED_EDGE('',*,*,#1628,.F.);
#2193=ORIENTED_EDGE('',*,*,#1629,.F.);
#2194=ORIENTED_EDGE('',*,*,#1630,.F.);
#2195=ORIENTED_EDGE('',*,*,#1631,.F.);
#2196=ORIENTED_EDGE('',*,*,#1622,.F.);
#2197=ORIENTED_EDGE('',*,*,#1632,.F.);
#2198=ORIENTED_EDGE('',*,*,#1633,.F.);
#2199=ORIENTED_EDGE('',*,*,#1634,.F.);
#2200=ORIENTED_EDGE('',*,*,#1635,.F.);
#2201=ORIENTED_EDGE('',*,*,#1636,.F.);
#2202=ORIENTED_EDGE('',*,*,#1637,.F.);
#2203=ORIENTED_EDGE('',*,*,#1617,.F.);
#2204=ORIENTED_EDGE('',*,*,#1638,.F.);
#2205=ORIENTED_EDGE('',*,*,#1639,.F.);
#2206=ORIENTED_EDGE('',*,*,#1640,.F.);
#2207=ORIENTED_EDGE('',*,*,#1641,.F.);
#2208=ORIENTED_EDGE('',*,*,#1642,.F.);
#2209=ORIENTED_EDGE('',*,*,#1643,.F.);
#2210=ORIENTED_EDGE('',*,*,#1644,.F.);
#2211=ORIENTED_EDGE('',*,*,#1645,.F.);
#2212=ORIENTED_EDGE('',*,*,#1646,.F.);
#2213=ORIENTED_EDGE('',*,*,#1647,.F.);
#2214=ORIENTED_EDGE('',*,*,#1648,.T.);
#2215=ORIENTED_EDGE('',*,*,#1649,.F.);
#2216=ORIENTED_EDGE('',*,*,#1627,.T.);
#2217=ORIENTED_EDGE('',*,*,#1650,.T.);
#2218=ORIENTED_EDGE('',*,*,#1651,.F.);
#2219=ORIENTED_EDGE('',*,*,#1630,.T.);
#2220=ORIENTED_EDGE('',*,*,#1652,.T.);
#2221=ORIENTED_EDGE('',*,*,#1653,.T.);
#2222=ORIENTED_EDGE('',*,*,#1654,.T.);
#2223=ORIENTED_EDGE('',*,*,#1611,.F.);
#2224=ORIENTED_EDGE('',*,*,#1654,.F.);
#2225=ORIENTED_EDGE('',*,*,#1655,.T.);
#2226=ORIENTED_EDGE('',*,*,#1656,.T.);
#2227=ORIENTED_EDGE('',*,*,#1594,.F.);
#2228=ORIENTED_EDGE('',*,*,#1625,.F.);
#2229=ORIENTED_EDGE('',*,*,#1612,.T.);
#2230=ORIENTED_EDGE('',*,*,#1580,.T.);
#2231=ORIENTED_EDGE('',*,*,#1657,.T.);
#2232=ORIENTED_EDGE('',*,*,#1619,.T.);
#2233=ORIENTED_EDGE('',*,*,#1658,.T.);
#2234=ORIENTED_EDGE('',*,*,#1659,.T.);
#2235=ORIENTED_EDGE('',*,*,#1660,.T.);
#2236=ORIENTED_EDGE('',*,*,#1661,.T.);
#2237=ORIENTED_EDGE('',*,*,#1662,.T.);
#2238=ORIENTED_EDGE('',*,*,#1663,.T.);
#2239=ORIENTED_EDGE('',*,*,#1664,.T.);
#2240=ORIENTED_EDGE('',*,*,#1615,.T.);
#2241=ORIENTED_EDGE('',*,*,#1665,.T.);
#2242=ORIENTED_EDGE('',*,*,#1666,.T.);
#2243=ORIENTED_EDGE('',*,*,#1667,.T.);
#2244=ORIENTED_EDGE('',*,*,#1668,.T.);
#2245=ORIENTED_EDGE('',*,*,#1669,.T.);
#2246=ORIENTED_EDGE('',*,*,#1670,.T.);
#2247=ORIENTED_EDGE('',*,*,#1671,.T.);
#2248=ORIENTED_EDGE('',*,*,#1672,.T.);
#2249=ORIENTED_EDGE('',*,*,#1673,.T.);
#2250=ORIENTED_EDGE('',*,*,#1674,.T.);
#2251=ORIENTED_EDGE('',*,*,#1675,.T.);
#2252=ORIENTED_EDGE('',*,*,#1676,.T.);
#2253=ORIENTED_EDGE('',*,*,#1677,.T.);
#2254=ORIENTED_EDGE('',*,*,#1678,.T.);
#2255=ORIENTED_EDGE('',*,*,#1679,.T.);
#2256=ORIENTED_EDGE('',*,*,#1680,.F.);
#2257=ORIENTED_EDGE('',*,*,#1681,.T.);
#2258=ORIENTED_EDGE('',*,*,#1682,.T.);
#2259=ORIENTED_EDGE('',*,*,#1583,.F.);
#2260=ORIENTED_EDGE('',*,*,#1682,.F.);
#2261=ORIENTED_EDGE('',*,*,#1683,.F.);
#2262=ORIENTED_EDGE('',*,*,#1655,.F.);
#2263=ORIENTED_EDGE('',*,*,#1653,.F.);
#2264=ORIENTED_EDGE('',*,*,#1684,.F.);
#2265=ORIENTED_EDGE('',*,*,#1685,.F.);
#2266=ORIENTED_EDGE('',*,*,#1648,.F.);
#2267=ORIENTED_EDGE('',*,*,#1686,.F.);
#2268=ORIENTED_EDGE('',*,*,#1687,.F.);
#2269=ORIENTED_EDGE('',*,*,#1584,.F.);
#2270=ORIENTED_EDGE('',*,*,#1629,.T.);
#2271=ORIENTED_EDGE('',*,*,#1688,.T.);
#2272=ORIENTED_EDGE('',*,*,#1684,.T.);
#2273=ORIENTED_EDGE('',*,*,#1652,.F.);
#2274=ORIENTED_EDGE('',*,*,#1680,.T.);
#2275=ORIENTED_EDGE('',*,*,#1582,.T.);
#2276=ORIENTED_EDGE('',*,*,#1689,.T.);
#2277=ORIENTED_EDGE('',*,*,#1690,.T.);
#2278=ORIENTED_EDGE('',*,*,#1679,.F.);
#2279=ORIENTED_EDGE('',*,*,#1673,.F.);
#2280=ORIENTED_EDGE('',*,*,#1667,.F.);
#2281=ORIENTED_EDGE('',*,*,#1691,.T.);
#2282=ORIENTED_EDGE('',*,*,#1689,.F.);
#2283=ORIENTED_EDGE('',*,*,#1581,.F.);
#2284=ORIENTED_EDGE('',*,*,#1640,.T.);
#2285=ORIENTED_EDGE('',*,*,#1692,.T.);
#2286=ORIENTED_EDGE('',*,*,#1674,.F.);
#2287=ORIENTED_EDGE('',*,*,#1678,.F.);
#2288=ORIENTED_EDGE('',*,*,#1693,.F.);
#2289=ORIENTED_EDGE('',*,*,#1585,.F.);
#2290=ORIENTED_EDGE('',*,*,#1687,.T.);
#2291=ORIENTED_EDGE('',*,*,#1694,.T.);
#2292=ORIENTED_EDGE('',*,*,#1574,.F.);
#2293=ORIENTED_EDGE('',*,*,#1607,.T.);
#2294=ORIENTED_EDGE('',*,*,#1588,.F.);
#2295=ORIENTED_EDGE('',*,*,#1551,.T.);
#2296=ORIENTED_EDGE('',*,*,#1620,.F.);
#2297=ORIENTED_EDGE('',*,*,#1657,.F.);
#2298=ORIENTED_EDGE('',*,*,#1579,.T.);
#2299=ORIENTED_EDGE('',*,*,#1539,.T.);
#2300=ORIENTED_EDGE('',*,*,#1545,.T.);
#2301=ORIENTED_EDGE('',*,*,#1587,.T.);
#2302=ORIENTED_EDGE('',*,*,#1543,.T.);
#2303=ORIENTED_EDGE('',*,*,#1570,.T.);
#2304=ORIENTED_EDGE('',*,*,#1695,.F.);
#2305=ORIENTED_EDGE('',*,*,#1665,.F.);
#2306=ORIENTED_EDGE('',*,*,#1614,.T.);
#2307=ORIENTED_EDGE('',*,*,#1559,.T.);
#2308=ORIENTED_EDGE('',*,*,#1568,.T.);
#2309=ORIENTED_EDGE('',*,*,#1591,.T.);
#2310=ORIENTED_EDGE('',*,*,#1566,.T.);
#2311=ORIENTED_EDGE('',*,*,#1564,.T.);
#2312=ORIENTED_EDGE('',*,*,#1595,.T.);
#2313=ORIENTED_EDGE('',*,*,#1656,.F.);
#2314=ORIENTED_EDGE('',*,*,#1683,.T.);
#2315=ORIENTED_EDGE('',*,*,#1681,.F.);
#2316=ORIENTED_EDGE('',*,*,#1690,.F.);
#2317=ORIENTED_EDGE('',*,*,#1691,.F.);
#2318=ORIENTED_EDGE('',*,*,#1666,.F.);
#2319=ORIENTED_EDGE('',*,*,#1695,.T.);
#2320=ORIENTED_EDGE('',*,*,#1569,.T.);
#2321=ORIENTED_EDGE('',*,*,#1647,.T.);
#2322=ORIENTED_EDGE('',*,*,#1696,.T.);
#2323=ORIENTED_EDGE('',*,*,#1669,.F.);
#2324=ORIENTED_EDGE('',*,*,#1697,.F.);
#2325=ORIENTED_EDGE('',*,*,#1644,.T.);
#2326=ORIENTED_EDGE('',*,*,#1697,.T.);
#2327=ORIENTED_EDGE('',*,*,#1668,.F.);
#2328=ORIENTED_EDGE('',*,*,#1672,.F.);
#2329=ORIENTED_EDGE('',*,*,#1698,.F.);
#2330=ORIENTED_EDGE('',*,*,#1645,.T.);
#2331=ORIENTED_EDGE('',*,*,#1698,.T.);
#2332=ORIENTED_EDGE('',*,*,#1671,.F.);
#2333=ORIENTED_EDGE('',*,*,#1699,.F.);
#2334=ORIENTED_EDGE('',*,*,#1646,.T.);
#2335=ORIENTED_EDGE('',*,*,#1699,.T.);
#2336=ORIENTED_EDGE('',*,*,#1670,.F.);
#2337=ORIENTED_EDGE('',*,*,#1696,.F.);
#2338=ORIENTED_EDGE('',*,*,#1634,.T.);
#2339=ORIENTED_EDGE('',*,*,#1700,.T.);
#2340=ORIENTED_EDGE('',*,*,#1661,.F.);
#2341=ORIENTED_EDGE('',*,*,#1701,.F.);
#2342=ORIENTED_EDGE('',*,*,#1635,.T.);
#2343=ORIENTED_EDGE('',*,*,#1701,.T.);
#2344=ORIENTED_EDGE('',*,*,#1660,.F.);
#2345=ORIENTED_EDGE('',*,*,#1702,.F.);
#2346=ORIENTED_EDGE('',*,*,#1636,.T.);
#2347=ORIENTED_EDGE('',*,*,#1702,.T.);
#2348=ORIENTED_EDGE('',*,*,#1659,.F.);
#2349=ORIENTED_EDGE('',*,*,#1703,.F.);
#2350=ORIENTED_EDGE('',*,*,#1637,.T.);
#2351=ORIENTED_EDGE('',*,*,#1703,.T.);
#2352=ORIENTED_EDGE('',*,*,#1658,.F.);
#2353=ORIENTED_EDGE('',*,*,#1618,.F.);
#2354=ORIENTED_EDGE('',*,*,#1638,.T.);
#2355=ORIENTED_EDGE('',*,*,#1616,.T.);
#2356=ORIENTED_EDGE('',*,*,#1664,.F.);
#2357=ORIENTED_EDGE('',*,*,#1704,.F.);
#2358=ORIENTED_EDGE('',*,*,#1639,.T.);
#2359=ORIENTED_EDGE('',*,*,#1704,.T.);
#2360=ORIENTED_EDGE('',*,*,#1663,.F.);
#2361=ORIENTED_EDGE('',*,*,#1705,.F.);
#2362=ORIENTED_EDGE('',*,*,#1633,.T.);
#2363=ORIENTED_EDGE('',*,*,#1705,.T.);
#2364=ORIENTED_EDGE('',*,*,#1662,.F.);
#2365=ORIENTED_EDGE('',*,*,#1700,.F.);
#2366=ORIENTED_EDGE('',*,*,#1643,.T.);
#2367=ORIENTED_EDGE('',*,*,#1706,.T.);
#2368=ORIENTED_EDGE('',*,*,#1675,.F.);
#2369=ORIENTED_EDGE('',*,*,#1692,.F.);
#2370=ORIENTED_EDGE('',*,*,#1641,.T.);
#2371=ORIENTED_EDGE('',*,*,#1693,.T.);
#2372=ORIENTED_EDGE('',*,*,#1677,.F.);
#2373=ORIENTED_EDGE('',*,*,#1707,.F.);
#2374=ORIENTED_EDGE('',*,*,#1642,.T.);
#2375=ORIENTED_EDGE('',*,*,#1707,.T.);
#2376=ORIENTED_EDGE('',*,*,#1676,.F.);
#2377=ORIENTED_EDGE('',*,*,#1706,.F.);
#2378=ORIENTED_EDGE('',*,*,#1708,.F.);
#2379=ORIENTED_EDGE('',*,*,#1632,.T.);
#2380=ORIENTED_EDGE('',*,*,#1621,.T.);
#2381=ORIENTED_EDGE('',*,*,#1576,.F.);
#2382=ORIENTED_EDGE('',*,*,#1694,.F.);
#2383=ORIENTED_EDGE('',*,*,#1686,.T.);
#2384=ORIENTED_EDGE('',*,*,#1650,.F.);
#2385=ORIENTED_EDGE('',*,*,#1626,.T.);
#2386=ORIENTED_EDGE('',*,*,#1708,.T.);
#2387=ORIENTED_EDGE('',*,*,#1575,.F.);
#2388=ORIENTED_EDGE('',*,*,#1628,.T.);
#2389=ORIENTED_EDGE('',*,*,#1649,.T.);
#2390=ORIENTED_EDGE('',*,*,#1685,.T.);
#2391=ORIENTED_EDGE('',*,*,#1688,.F.);
#2392=ORIENTED_EDGE('',*,*,#1623,.F.);
#2393=ORIENTED_EDGE('',*,*,#1631,.T.);
#2394=ORIENTED_EDGE('',*,*,#1651,.T.);
#2395=ORIENTED_EDGE('',*,*,#1610,.F.);
#2396=ORIENTED_EDGE('',*,*,#1709,.F.);
#2397=ORIENTED_EDGE('',*,*,#1710,.T.);
#2398=ORIENTED_EDGE('',*,*,#1711,.F.);
#2399=ORIENTED_EDGE('',*,*,#1712,.T.);
#2400=ORIENTED_EDGE('',*,*,#1713,.F.);
#2401=ORIENTED_EDGE('',*,*,#1714,.T.);
#2402=ORIENTED_EDGE('',*,*,#1715,.F.);
#2403=ORIENTED_EDGE('',*,*,#1716,.T.);
#2404=ORIENTED_EDGE('',*,*,#1717,.F.);
#2405=ORIENTED_EDGE('',*,*,#1718,.F.);
#2406=ORIENTED_EDGE('',*,*,#1719,.F.);
#2407=ORIENTED_EDGE('',*,*,#1720,.F.);
#2408=ORIENTED_EDGE('',*,*,#1721,.F.);
#2409=ORIENTED_EDGE('',*,*,#1722,.F.);
#2410=ORIENTED_EDGE('',*,*,#1723,.F.);
#2411=ORIENTED_EDGE('',*,*,#1724,.F.);
#2412=ORIENTED_EDGE('',*,*,#1725,.F.);
#2413=ORIENTED_EDGE('',*,*,#1726,.F.);
#2414=ORIENTED_EDGE('',*,*,#1714,.F.);
#2415=ORIENTED_EDGE('',*,*,#1727,.T.);
#2416=ORIENTED_EDGE('',*,*,#1728,.F.);
#2417=ORIENTED_EDGE('',*,*,#1727,.F.);
#2418=ORIENTED_EDGE('',*,*,#1713,.T.);
#2419=ORIENTED_EDGE('',*,*,#1729,.T.);
#2420=ORIENTED_EDGE('',*,*,#1730,.F.);
#2421=ORIENTED_EDGE('',*,*,#1729,.F.);
#2422=ORIENTED_EDGE('',*,*,#1712,.F.);
#2423=ORIENTED_EDGE('',*,*,#1731,.T.);
#2424=ORIENTED_EDGE('',*,*,#1732,.F.);
#2425=ORIENTED_EDGE('',*,*,#1731,.F.);
#2426=ORIENTED_EDGE('',*,*,#1711,.T.);
#2427=ORIENTED_EDGE('',*,*,#1733,.T.);
#2428=ORIENTED_EDGE('',*,*,#1734,.F.);
#2429=ORIENTED_EDGE('',*,*,#1735,.F.);
#2430=ORIENTED_EDGE('',*,*,#1722,.T.);
#2431=ORIENTED_EDGE('',*,*,#1736,.T.);
#2432=ORIENTED_EDGE('',*,*,#1737,.F.);
#2433=ORIENTED_EDGE('',*,*,#1736,.F.);
#2434=ORIENTED_EDGE('',*,*,#1721,.T.);
#2435=ORIENTED_EDGE('',*,*,#1738,.T.);
#2436=ORIENTED_EDGE('',*,*,#1739,.F.);
#2437=ORIENTED_EDGE('',*,*,#1738,.F.);
#2438=ORIENTED_EDGE('',*,*,#1720,.T.);
#2439=ORIENTED_EDGE('',*,*,#1740,.T.);
#2440=ORIENTED_EDGE('',*,*,#1741,.F.);
#2441=ORIENTED_EDGE('',*,*,#1740,.F.);
#2442=ORIENTED_EDGE('',*,*,#1719,.T.);
#2443=ORIENTED_EDGE('',*,*,#1742,.T.);
#2444=ORIENTED_EDGE('',*,*,#1743,.F.);
#2445=ORIENTED_EDGE('',*,*,#1733,.F.);
#2446=ORIENTED_EDGE('',*,*,#1710,.F.);
#2447=ORIENTED_EDGE('',*,*,#1744,.T.);
#2448=ORIENTED_EDGE('',*,*,#1745,.F.);
#2449=ORIENTED_EDGE('',*,*,#1744,.F.);
#2450=ORIENTED_EDGE('',*,*,#1709,.T.);
#2451=ORIENTED_EDGE('',*,*,#1746,.T.);
#2452=ORIENTED_EDGE('',*,*,#1747,.F.);
#2453=ORIENTED_EDGE('',*,*,#1746,.F.);
#2454=ORIENTED_EDGE('',*,*,#1716,.F.);
#2455=ORIENTED_EDGE('',*,*,#1748,.T.);
#2456=ORIENTED_EDGE('',*,*,#1749,.F.);
#2457=ORIENTED_EDGE('',*,*,#1748,.F.);
#2458=ORIENTED_EDGE('',*,*,#1715,.T.);
#2459=ORIENTED_EDGE('',*,*,#1726,.T.);
#2460=ORIENTED_EDGE('',*,*,#1750,.F.);
#2461=ORIENTED_EDGE('',*,*,#1742,.F.);
#2462=ORIENTED_EDGE('',*,*,#1718,.T.);
#2463=ORIENTED_EDGE('',*,*,#1751,.T.);
#2464=ORIENTED_EDGE('',*,*,#1752,.F.);
#2465=ORIENTED_EDGE('',*,*,#1751,.F.);
#2466=ORIENTED_EDGE('',*,*,#1717,.T.);
#2467=ORIENTED_EDGE('',*,*,#1753,.T.);
#2468=ORIENTED_EDGE('',*,*,#1754,.F.);
#2469=ORIENTED_EDGE('',*,*,#1753,.F.);
#2470=ORIENTED_EDGE('',*,*,#1724,.T.);
#2471=ORIENTED_EDGE('',*,*,#1755,.T.);
#2472=ORIENTED_EDGE('',*,*,#1756,.F.);
#2473=ORIENTED_EDGE('',*,*,#1755,.F.);
#2474=ORIENTED_EDGE('',*,*,#1723,.T.);
#2475=ORIENTED_EDGE('',*,*,#1735,.T.);
#2476=ORIENTED_EDGE('',*,*,#1743,.T.);
#2477=ORIENTED_EDGE('',*,*,#1745,.T.);
#2478=ORIENTED_EDGE('',*,*,#1747,.T.);
#2479=ORIENTED_EDGE('',*,*,#1749,.T.);
#2480=ORIENTED_EDGE('',*,*,#1725,.T.);
#2481=ORIENTED_EDGE('',*,*,#1728,.T.);
#2482=ORIENTED_EDGE('',*,*,#1730,.T.);
#2483=ORIENTED_EDGE('',*,*,#1732,.T.);
#2484=ORIENTED_EDGE('',*,*,#1750,.T.);
#2485=ORIENTED_EDGE('',*,*,#1752,.T.);
#2486=ORIENTED_EDGE('',*,*,#1754,.T.);
#2487=ORIENTED_EDGE('',*,*,#1756,.T.);
#2488=ORIENTED_EDGE('',*,*,#1734,.T.);
#2489=ORIENTED_EDGE('',*,*,#1737,.T.);
#2490=ORIENTED_EDGE('',*,*,#1739,.T.);
#2491=ORIENTED_EDGE('',*,*,#1741,.T.);
#2492=ORIENTED_EDGE('',*,*,#1757,.F.);
#2493=ORIENTED_EDGE('',*,*,#1758,.T.);
#2494=ORIENTED_EDGE('',*,*,#1759,.F.);
#2495=ORIENTED_EDGE('',*,*,#1758,.F.);
#2496=ORIENTED_EDGE('',*,*,#1760,.F.);
#2497=ORIENTED_EDGE('',*,*,#1761,.T.);
#2498=ORIENTED_EDGE('',*,*,#1762,.F.);
#2499=ORIENTED_EDGE('',*,*,#1761,.F.);
#2500=ORIENTED_EDGE('',*,*,#1763,.F.);
#2501=ORIENTED_EDGE('',*,*,#1764,.T.);
#2502=ORIENTED_EDGE('',*,*,#1765,.F.);
#2503=ORIENTED_EDGE('',*,*,#1764,.F.);
#2504=ORIENTED_EDGE('',*,*,#1766,.F.);
#2505=ORIENTED_EDGE('',*,*,#1767,.T.);
#2506=ORIENTED_EDGE('',*,*,#1768,.F.);
#2507=ORIENTED_EDGE('',*,*,#1767,.F.);
#2508=ORIENTED_EDGE('',*,*,#1769,.F.);
#2509=ORIENTED_EDGE('',*,*,#1770,.T.);
#2510=ORIENTED_EDGE('',*,*,#1771,.F.);
#2511=ORIENTED_EDGE('',*,*,#1770,.F.);
#2512=ORIENTED_EDGE('',*,*,#1772,.F.);
#2513=ORIENTED_EDGE('',*,*,#1773,.F.);
#2514=ORIENTED_EDGE('',*,*,#1774,.F.);
#2515=ORIENTED_EDGE('',*,*,#1775,.F.);
#2516=ORIENTED_EDGE('',*,*,#1776,.F.);
#2517=ORIENTED_EDGE('',*,*,#1777,.F.);
#2518=ORIENTED_EDGE('',*,*,#1778,.F.);
#2519=ORIENTED_EDGE('',*,*,#1779,.F.);
#2520=ORIENTED_EDGE('',*,*,#1780,.F.);
#2521=ORIENTED_EDGE('',*,*,#1781,.F.);
#2522=ORIENTED_EDGE('',*,*,#1782,.F.);
#2523=ORIENTED_EDGE('',*,*,#1783,.F.);
#2524=ORIENTED_EDGE('',*,*,#1784,.F.);
#2525=ORIENTED_EDGE('',*,*,#1785,.F.);
#2526=ORIENTED_EDGE('',*,*,#1786,.F.);
#2527=ORIENTED_EDGE('',*,*,#1787,.F.);
#2528=ORIENTED_EDGE('',*,*,#1784,.T.);
#2529=ORIENTED_EDGE('',*,*,#1788,.T.);
#2530=ORIENTED_EDGE('',*,*,#1789,.F.);
#2531=ORIENTED_EDGE('',*,*,#1790,.F.);
#2532=ORIENTED_EDGE('',*,*,#1783,.T.);
#2533=ORIENTED_EDGE('',*,*,#1791,.T.);
#2534=ORIENTED_EDGE('',*,*,#1792,.F.);
#2535=ORIENTED_EDGE('',*,*,#1788,.F.);
#2536=ORIENTED_EDGE('',*,*,#1782,.T.);
#2537=ORIENTED_EDGE('',*,*,#1793,.T.);
#2538=ORIENTED_EDGE('',*,*,#1794,.F.);
#2539=ORIENTED_EDGE('',*,*,#1791,.F.);
#2540=ORIENTED_EDGE('',*,*,#1781,.T.);
#2541=ORIENTED_EDGE('',*,*,#1795,.T.);
#2542=ORIENTED_EDGE('',*,*,#1796,.F.);
#2543=ORIENTED_EDGE('',*,*,#1793,.F.);
#2544=ORIENTED_EDGE('',*,*,#1776,.T.);
#2545=ORIENTED_EDGE('',*,*,#1797,.T.);
#2546=ORIENTED_EDGE('',*,*,#1798,.F.);
#2547=ORIENTED_EDGE('',*,*,#1799,.F.);
#2548=ORIENTED_EDGE('',*,*,#1775,.T.);
#2549=ORIENTED_EDGE('',*,*,#1800,.T.);
#2550=ORIENTED_EDGE('',*,*,#1801,.F.);
#2551=ORIENTED_EDGE('',*,*,#1797,.F.);
#2552=ORIENTED_EDGE('',*,*,#1774,.T.);
#2553=ORIENTED_EDGE('',*,*,#1802,.T.);
#2554=ORIENTED_EDGE('',*,*,#1803,.F.);
#2555=ORIENTED_EDGE('',*,*,#1800,.F.);
#2556=ORIENTED_EDGE('',*,*,#1773,.T.);
#2557=ORIENTED_EDGE('',*,*,#1804,.T.);
#2558=ORIENTED_EDGE('',*,*,#1805,.F.);
#2559=ORIENTED_EDGE('',*,*,#1802,.F.);
#2560=ORIENTED_EDGE('',*,*,#1806,.F.);
#2561=ORIENTED_EDGE('',*,*,#1807,.T.);
#2562=ORIENTED_EDGE('',*,*,#1808,.F.);
#2563=ORIENTED_EDGE('',*,*,#1807,.F.);
#2564=ORIENTED_EDGE('',*,*,#1809,.F.);
#2565=ORIENTED_EDGE('',*,*,#1810,.T.);
#2566=ORIENTED_EDGE('',*,*,#1811,.F.);
#2567=ORIENTED_EDGE('',*,*,#1810,.F.);
#2568=ORIENTED_EDGE('',*,*,#1812,.T.);
#2569=ORIENTED_EDGE('',*,*,#1813,.T.);
#2570=ORIENTED_EDGE('',*,*,#1814,.T.);
#2571=ORIENTED_EDGE('',*,*,#1815,.T.);
#2572=ORIENTED_EDGE('',*,*,#1789,.T.);
#2573=ORIENTED_EDGE('',*,*,#1792,.T.);
#2574=ORIENTED_EDGE('',*,*,#1794,.T.);
#2575=ORIENTED_EDGE('',*,*,#1796,.T.);
#2576=ORIENTED_EDGE('',*,*,#1759,.T.);
#2577=ORIENTED_EDGE('',*,*,#1762,.T.);
#2578=ORIENTED_EDGE('',*,*,#1765,.T.);
#2579=ORIENTED_EDGE('',*,*,#1768,.T.);
#2580=ORIENTED_EDGE('',*,*,#1771,.T.);
#2581=ORIENTED_EDGE('',*,*,#1808,.T.);
#2582=ORIENTED_EDGE('',*,*,#1811,.T.);
#2583=ORIENTED_EDGE('',*,*,#1816,.T.);
#2584=ORIENTED_EDGE('',*,*,#1817,.T.);
#2585=ORIENTED_EDGE('',*,*,#1818,.T.);
#2586=ORIENTED_EDGE('',*,*,#1819,.T.);
#2587=ORIENTED_EDGE('',*,*,#1798,.T.);
#2588=ORIENTED_EDGE('',*,*,#1801,.T.);
#2589=ORIENTED_EDGE('',*,*,#1803,.T.);
#2590=ORIENTED_EDGE('',*,*,#1805,.T.);
#2591=ORIENTED_EDGE('',*,*,#1757,.T.);
#2592=ORIENTED_EDGE('',*,*,#1760,.T.);
#2593=ORIENTED_EDGE('',*,*,#1763,.T.);
#2594=ORIENTED_EDGE('',*,*,#1766,.T.);
#2595=ORIENTED_EDGE('',*,*,#1769,.T.);
#2596=ORIENTED_EDGE('',*,*,#1806,.T.);
#2597=ORIENTED_EDGE('',*,*,#1809,.T.);
#2598=ORIENTED_EDGE('',*,*,#1780,.T.);
#2599=ORIENTED_EDGE('',*,*,#1820,.T.);
#2600=ORIENTED_EDGE('',*,*,#1812,.F.);
#2601=ORIENTED_EDGE('',*,*,#1795,.F.);
#2602=ORIENTED_EDGE('',*,*,#1785,.T.);
#2603=ORIENTED_EDGE('',*,*,#1790,.T.);
#2604=ORIENTED_EDGE('',*,*,#1815,.F.);
#2605=ORIENTED_EDGE('',*,*,#1821,.F.);
#2606=ORIENTED_EDGE('',*,*,#1786,.T.);
#2607=ORIENTED_EDGE('',*,*,#1821,.T.);
#2608=ORIENTED_EDGE('',*,*,#1814,.F.);
#2609=ORIENTED_EDGE('',*,*,#1822,.F.);
#2610=ORIENTED_EDGE('',*,*,#1787,.T.);
#2611=ORIENTED_EDGE('',*,*,#1822,.T.);
#2612=ORIENTED_EDGE('',*,*,#1813,.F.);
#2613=ORIENTED_EDGE('',*,*,#1820,.F.);
#2614=ORIENTED_EDGE('',*,*,#1772,.T.);
#2615=ORIENTED_EDGE('',*,*,#1823,.T.);
#2616=ORIENTED_EDGE('',*,*,#1816,.F.);
#2617=ORIENTED_EDGE('',*,*,#1804,.F.);
#2618=ORIENTED_EDGE('',*,*,#1777,.T.);
#2619=ORIENTED_EDGE('',*,*,#1799,.T.);
#2620=ORIENTED_EDGE('',*,*,#1819,.F.);
#2621=ORIENTED_EDGE('',*,*,#1824,.F.);
#2622=ORIENTED_EDGE('',*,*,#1778,.T.);
#2623=ORIENTED_EDGE('',*,*,#1824,.T.);
#2624=ORIENTED_EDGE('',*,*,#1818,.F.);
#2625=ORIENTED_EDGE('',*,*,#1825,.F.);
#2626=ORIENTED_EDGE('',*,*,#1779,.T.);
#2627=ORIENTED_EDGE('',*,*,#1825,.T.);
#2628=ORIENTED_EDGE('',*,*,#1817,.F.);
#2629=ORIENTED_EDGE('',*,*,#1823,.F.);
#2630=CONICAL_SURFACE('',#2807,1.75,0.785398163397448);
#2631=CONICAL_SURFACE('',#2874,0.725,0.785398163397448);
#2632=CONICAL_SURFACE('',#2882,0.725,0.785398163397448);
#2633=CONICAL_SURFACE('',#2883,2.35,0.785398163397448);
#2634=CONICAL_SURFACE('',#2886,0.725,0.785398163397448);
#2635=CONICAL_SURFACE('',#2894,0.725,0.785398163397448);
#2636=CONICAL_SURFACE('',#2895,2.35,0.785398163397448);
#2637=CONICAL_SURFACE('',#2906,2.5,0.785398163397448);
#2638=CONICAL_SURFACE('',#3049,2.375,0.785398163397448);
#2639=CONICAL_SURFACE('',#3052,2.375,0.785398163397448);
#2640=ADVANCED_FACE('',(#204),#2630,.F.);
#2641=ADVANCED_FACE('',(#205),#154,.F.);
#2642=ADVANCED_FACE('',(#206,#52),#77,.F.);
#2643=ADVANCED_FACE('',(#207),#78,.T.);
#2644=ADVANCED_FACE('',(#208),#79,.F.);
#2645=ADVANCED_FACE('',(#209),#80,.T.);
#2646=ADVANCED_FACE('',(#210,#53),#81,.F.);
#2647=ADVANCED_FACE('',(#211),#82,.T.);
#2648=ADVANCED_FACE('',(#212),#155,.F.);
#2649=ADVANCED_FACE('',(#213),#83,.T.);
#2650=ADVANCED_FACE('',(#214),#156,.F.);
#2651=ADVANCED_FACE('',(#215),#84,.T.);
#2652=ADVANCED_FACE('',(#216),#85,.F.);
#2653=ADVANCED_FACE('',(#217),#86,.T.);
#2654=ADVANCED_FACE('',(#218),#87,.F.);
#2655=ADVANCED_FACE('',(#219),#157,.T.);
#2656=ADVANCED_FACE('',(#220),#88,.F.);
#2657=ADVANCED_FACE('',(#221),#158,.F.);
#2658=ADVANCED_FACE('',(#222),#89,.F.);
#2659=ADVANCED_FACE('',(#223),#90,.F.);
#2660=ADVANCED_FACE('',(#224),#91,.F.);
#2661=ADVANCED_FACE('',(#225),#92,.F.);
#2662=ADVANCED_FACE('',(#226),#159,.T.);
#2663=ADVANCED_FACE('',(#227),#93,.T.);
#2664=ADVANCED_FACE('',(#228),#160,.T.);
#2665=ADVANCED_FACE('',(#229),#161,.T.);
#2666=ADVANCED_FACE('',(#230),#94,.T.);
#2667=ADVANCED_FACE('',(#231),#95,.T.);
#2668=ADVANCED_FACE('',(#232),#162,.T.);
#2669=ADVANCED_FACE('',(#233),#96,.F.);
#2670=ADVANCED_FACE('',(#234),#163,.T.);
#2671=ADVANCED_FACE('',(#235),#97,.F.);
#2672=ADVANCED_FACE('',(#236),#164,.F.);
#2673=ADVANCED_FACE('',(#237),#98,.F.);
#2674=ADVANCED_FACE('',(#238),#99,.T.);
#2675=ADVANCED_FACE('',(#239),#165,.T.);
#2676=ADVANCED_FACE('',(#240),#100,.T.);
#2677=ADVANCED_FACE('',(#241),#101,.T.);
#2678=ADVANCED_FACE('',(#242),#2631,.F.);
#2679=ADVANCED_FACE('',(#243),#166,.F.);
#2680=ADVANCED_FACE('',(#244),#2632,.F.);
#2681=ADVANCED_FACE('',(#245),#2633,.F.);
#2682=ADVANCED_FACE('',(#246),#2634,.F.);
#2683=ADVANCED_FACE('',(#247),#167,.F.);
#2684=ADVANCED_FACE('',(#248),#2635,.F.);
#2685=ADVANCED_FACE('',(#249),#2636,.F.);
#2686=ADVANCED_FACE('',(#250),#102,.F.);
#2687=ADVANCED_FACE('',(#251),#103,.T.);
#2688=ADVANCED_FACE('',(#252),#104,.F.);
#2689=ADVANCED_FACE('',(#253),#105,.F.);
#2690=ADVANCED_FACE('',(#254),#106,.F.);
#2691=ADVANCED_FACE('',(#255),#107,.F.);
#2692=ADVANCED_FACE('',(#256),#2637,.F.);
#2693=ADVANCED_FACE('',(#257),#168,.F.);
#2694=ADVANCED_FACE('',(#258),#108,.T.);
#2695=ADVANCED_FACE('',(#259),#109,.T.);
#2696=ADVANCED_FACE('',(#260,#54),#110,.F.);
#2697=ADVANCED_FACE('',(#261,#55),#111,.T.);
#2698=ADVANCED_FACE('',(#262,#56),#112,.T.);
#2699=ADVANCED_FACE('',(#263),#113,.T.);
#2700=ADVANCED_FACE('',(#264,#57,#58,#59),#114,.F.);
#2701=ADVANCED_FACE('',(#265),#169,.T.);
#2702=ADVANCED_FACE('',(#266),#115,.T.);
#2703=ADVANCED_FACE('',(#267),#116,.T.);
#2704=ADVANCED_FACE('',(#268),#117,.T.);
#2705=ADVANCED_FACE('',(#269),#118,.T.);
#2706=ADVANCED_FACE('',(#270),#119,.T.);
#2707=ADVANCED_FACE('',(#271),#170,.T.);
#2708=ADVANCED_FACE('',(#272),#120,.T.);
#2709=ADVANCED_FACE('',(#273),#121,.T.);
#2710=ADVANCED_FACE('',(#274),#171,.F.);
#2711=ADVANCED_FACE('',(#275),#122,.T.);
#2712=ADVANCED_FACE('',(#276),#172,.F.);
#2713=ADVANCED_FACE('',(#277),#173,.F.);
#2714=ADVANCED_FACE('',(#278),#123,.T.);
#2715=ADVANCED_FACE('',(#279),#124,.T.);
#2716=ADVANCED_FACE('',(#280),#174,.F.);
#2717=ADVANCED_FACE('',(#281),#125,.T.);
#2718=ADVANCED_FACE('',(#282),#175,.F.);
#2719=ADVANCED_FACE('',(#283),#126,.T.);
#2720=ADVANCED_FACE('',(#284),#176,.F.);
#2721=ADVANCED_FACE('',(#285),#127,.T.);
#2722=ADVANCED_FACE('',(#286),#177,.F.);
#2723=ADVANCED_FACE('',(#287),#178,.F.);
#2724=ADVANCED_FACE('',(#288),#128,.T.);
#2725=ADVANCED_FACE('',(#289),#179,.F.);
#2726=ADVANCED_FACE('',(#290),#129,.T.);
#2727=ADVANCED_FACE('',(#291),#130,.T.);
#2728=ADVANCED_FACE('',(#292),#180,.F.);
#2729=ADVANCED_FACE('',(#293),#181,.T.);
#2730=ADVANCED_FACE('',(#294),#131,.T.);
#2731=ADVANCED_FACE('',(#295),#132,.T.);
#2732=ADVANCED_FACE('',(#296),#182,.T.);
#2733=ADVANCED_FACE('',(#297,#60),#133,.F.);
#2734=ADVANCED_FACE('',(#298),#134,.T.);
#2735=ADVANCED_FACE('',(#299),#183,.T.);
#2736=ADVANCED_FACE('',(#300),#135,.T.);
#2737=ADVANCED_FACE('',(#301),#184,.T.);
#2738=ADVANCED_FACE('',(#302),#136,.T.);
#2739=ADVANCED_FACE('',(#303),#185,.F.);
#2740=ADVANCED_FACE('',(#304),#137,.T.);
#2741=ADVANCED_FACE('',(#305),#186,.F.);
#2742=ADVANCED_FACE('',(#306),#138,.T.);
#2743=ADVANCED_FACE('',(#307),#187,.T.);
#2744=ADVANCED_FACE('',(#308),#139,.T.);
#2745=ADVANCED_FACE('',(#309),#188,.T.);
#2746=ADVANCED_FACE('',(#310),#140,.T.);
#2747=ADVANCED_FACE('',(#311),#189,.F.);
#2748=ADVANCED_FACE('',(#312),#141,.T.);
#2749=ADVANCED_FACE('',(#313),#190,.F.);
#2750=ADVANCED_FACE('',(#314,#61),#142,.T.);
#2751=ADVANCED_FACE('',(#315),#191,.F.);
#2752=ADVANCED_FACE('',(#316),#192,.F.);
#2753=ADVANCED_FACE('',(#317),#193,.F.);
#2754=ADVANCED_FACE('',(#318),#194,.F.);
#2755=ADVANCED_FACE('',(#319),#195,.F.);
#2756=ADVANCED_FACE('',(#320,#62),#143,.F.);
#2757=ADVANCED_FACE('',(#321),#144,.T.);
#2758=ADVANCED_FACE('',(#322),#196,.F.);
#2759=ADVANCED_FACE('',(#323),#145,.T.);
#2760=ADVANCED_FACE('',(#324),#197,.F.);
#2761=ADVANCED_FACE('',(#325),#146,.T.);
#2762=ADVANCED_FACE('',(#326),#198,.T.);
#2763=ADVANCED_FACE('',(#327),#147,.T.);
#2764=ADVANCED_FACE('',(#328),#199,.T.);
#2765=ADVANCED_FACE('',(#329),#2638,.F.);
#2766=ADVANCED_FACE('',(#330),#2639,.F.);
#2767=ADVANCED_FACE('',(#331,#63,#64,#65,#66,#67,#68,#69),#148,.F.);
#2768=ADVANCED_FACE('',(#332,#70,#71,#72,#73,#74,#75,#76),#149,.T.);
#2769=ADVANCED_FACE('',(#333),#150,.T.);
#2770=ADVANCED_FACE('',(#334),#200,.F.);
#2771=ADVANCED_FACE('',(#335),#151,.T.);
#2772=ADVANCED_FACE('',(#336),#201,.F.);
#2773=ADVANCED_FACE('',(#337),#152,.T.);
#2774=ADVANCED_FACE('',(#338),#202,.T.);
#2775=ADVANCED_FACE('',(#339),#153,.T.);
#2776=ADVANCED_FACE('',(#340),#203,.T.);
#2777=CLOSED_SHELL('',(#2640,#2641,#2642,#2643,#2644,#2645,#2646,#2647,
#2648,#2649,#2650,#2651,#2652,#2653,#2654,#2655,#2656,#2657,#2658,#2659,
#2660,#2661,#2662,#2663,#2664,#2665,#2666,#2667,#2668,#2669,#2670,#2671,
#2672,#2673,#2674,#2675,#2676,#2677));
#2778=CLOSED_SHELL('',(#2678,#2679,#2680,#2681,#2682,#2683,#2684,#2685,
#2686,#2687,#2688,#2689,#2690,#2691,#2692,#2693,#2694,#2695,#2696,#2697,
#2698,#2699,#2700,#2701,#2702,#2703,#2704,#2705,#2706,#2707,#2708,#2709,
#2710,#2711,#2712,#2713,#2714,#2715,#2716,#2717,#2718,#2719,#2720,#2721,
#2722,#2723,#2724,#2725,#2726,#2727,#2728,#2729,#2730,#2731,#2732));
#2779=CLOSED_SHELL('',(#2733,#2734,#2735,#2736,#2737,#2738,#2739,#2740,
#2741,#2742,#2743,#2744,#2745,#2746,#2747,#2748,#2749,#2750));
#2780=CLOSED_SHELL('',(#2751,#2752,#2753,#2754,#2755,#2756,#2757,#2758,
#2759,#2760,#2761,#2762,#2763,#2764,#2765,#2766,#2767,#2768,#2769,#2770,
#2771,#2772,#2773,#2774,#2775,#2776));
#2781=DERIVED_UNIT_ELEMENT(#2785,1.);
#2782=DERIVED_UNIT_ELEMENT(#4756,-3.);
#2783=DERIVED_UNIT_ELEMENT(#2785,1.);
#2784=DERIVED_UNIT_ELEMENT(#4756,-3.);
#2785=(
MASS_UNIT()
NAMED_UNIT(*)
SI_UNIT(.KILO.,.GRAM.)
);
#2786=DERIVED_UNIT((#2781,#2782));
#2787=DERIVED_UNIT((#2783,#2784));
#2788=MEASURE_REPRESENTATION_ITEM('density measure',
POSITIVE_RATIO_MEASURE(1060.),#2786);
#2789=MEASURE_REPRESENTATION_ITEM('density measure',
POSITIVE_RATIO_MEASURE(1060.),#2787);
#2790=PROPERTY_DEFINITION_REPRESENTATION(#2800,#2794);
#2791=PROPERTY_DEFINITION_REPRESENTATION(#2801,#2795);
#2792=PROPERTY_DEFINITION_REPRESENTATION(#2802,#2796);
#2793=PROPERTY_DEFINITION_REPRESENTATION(#2803,#2797);
#2794=REPRESENTATION('material name',(#2798),#4752);
#2795=REPRESENTATION('density',(#2788),#4752);
#2796=REPRESENTATION('material name',(#2799),#4753);
#2797=REPRESENTATION('density',(#2789),#4753);
#2798=DESCRIPTIVE_REPRESENTATION_ITEM('ABS Plastic','ABS Plastic');
#2799=DESCRIPTIVE_REPRESENTATION_ITEM('ABS Plastic','ABS Plastic');
#2800=PROPERTY_DEFINITION('material property','material name',#4777);
#2801=PROPERTY_DEFINITION('material property','density of part',#4777);
#2802=PROPERTY_DEFINITION('material property','material name',#4778);
#2803=PROPERTY_DEFINITION('material property','density of part',#4778);
#2804=AXIS2_PLACEMENT_3D('',#3875,#3071,#3072);
#2805=AXIS2_PLACEMENT_3D('',#3876,#3073,#3074);
#2806=AXIS2_PLACEMENT_3D('',#3877,#3075,#3076);
#2807=AXIS2_PLACEMENT_3D('',#3878,#3077,#3078);
#2808=AXIS2_PLACEMENT_3D('',#3880,#3079,#3080);
#2809=AXIS2_PLACEMENT_3D('',#3883,#3082,#3083);
#2810=AXIS2_PLACEMENT_3D('',#3884,#3084,#3085);
#2811=AXIS2_PLACEMENT_3D('',#3887,#3087,#3088);
#2812=AXIS2_PLACEMENT_3D('',#3888,#3089,#3090);
#2813=AXIS2_PLACEMENT_3D('',#3896,#3094,#3095);
#2814=AXIS2_PLACEMENT_3D('',#3897,#3096,#3097);
#2815=AXIS2_PLACEMENT_3D('',#3906,#3102,#3103);
#2816=AXIS2_PLACEMENT_3D('',#3914,#3107,#3108);
#2817=AXIS2_PLACEMENT_3D('',#3918,#3110,#3111);
#2818=AXIS2_PLACEMENT_3D('',#3921,#3113,#3114);
#2819=AXIS2_PLACEMENT_3D('',#3922,#3115,#3116);
#2820=AXIS2_PLACEMENT_3D('',#3933,#3122,#3123);
#2821=AXIS2_PLACEMENT_3D('',#3934,#3124,#3125);
#2822=AXIS2_PLACEMENT_3D('',#3943,#3130,#3131);
#2823=AXIS2_PLACEMENT_3D('',#3953,#3137,#3138);
#2824=AXIS2_PLACEMENT_3D('',#3957,#3140,#3141);
#2825=AXIS2_PLACEMENT_3D('',#3958,#3142,#3143);
#2826=AXIS2_PLACEMENT_3D('',#3959,#3144,#3145);
#2827=AXIS2_PLACEMENT_3D('',#3969,#3151,#3152);
#2828=AXIS2_PLACEMENT_3D('',#3970,#3153,#3154);
#2829=AXIS2_PLACEMENT_3D('',#3973,#3156,#3157);
#2830=AXIS2_PLACEMENT_3D('',#3974,#3158,#3159);
#2831=AXIS2_PLACEMENT_3D('',#3980,#3163,#3164);
#2832=AXIS2_PLACEMENT_3D('',#3982,#3165,#3166);
#2833=AXIS2_PLACEMENT_3D('',#3986,#3168,#3169);
#2834=AXIS2_PLACEMENT_3D('',#3990,#3171,#3172);
#2835=AXIS2_PLACEMENT_3D('',#3994,#3175,#3176);
#2836=AXIS2_PLACEMENT_3D('',#3999,#3180,#3181);
#2837=AXIS2_PLACEMENT_3D('',#4005,#3185,#3186);
#2838=AXIS2_PLACEMENT_3D('',#4008,#3188,#3189);
#2839=AXIS2_PLACEMENT_3D('',#4009,#3190,#3191);
#2840=AXIS2_PLACEMENT_3D('',#4013,#3194,#3195);
#2841=AXIS2_PLACEMENT_3D('',#4014,#3196,#3197);
#2842=AXIS2_PLACEMENT_3D('',#4015,#3198,#3199);
#2843=AXIS2_PLACEMENT_3D('',#4016,#3200,#3201);
#2844=AXIS2_PLACEMENT_3D('',#4021,#3204,#3205);
#2845=AXIS2_PLACEMENT_3D('',#4026,#3209,#3210);
#2846=AXIS2_PLACEMENT_3D('',#4029,#3213,#3214);
#2847=AXIS2_PLACEMENT_3D('',#4035,#3217,#3218);
#2848=AXIS2_PLACEMENT_3D('',#4039,#3220,#3221);
#2849=AXIS2_PLACEMENT_3D('',#4043,#3223,#3224);
#2850=AXIS2_PLACEMENT_3D('',#4046,#3226,#3227);
#2851=AXIS2_PLACEMENT_3D('',#4048,#3229,#3230);
#2852=AXIS2_PLACEMENT_3D('',#4050,#3232,#3233);
#2853=AXIS2_PLACEMENT_3D('',#4053,#3235,#3236);
#2854=AXIS2_PLACEMENT_3D('',#4054,#3237,#3238);
#2855=AXIS2_PLACEMENT_3D('',#4058,#3241,#3242);
#2856=AXIS2_PLACEMENT_3D('',#4061,#3244,#3245);
#2857=AXIS2_PLACEMENT_3D('',#4062,#3246,#3247);
#2858=AXIS2_PLACEMENT_3D('',#4064,#3249,#3250);
#2859=AXIS2_PLACEMENT_3D('',#4065,#3251,#3252);
#2860=AXIS2_PLACEMENT_3D('',#4069,#3255,#3256);
#2861=AXIS2_PLACEMENT_3D('',#4072,#3258,#3259);
#2862=AXIS2_PLACEMENT_3D('',#4073,#3260,#3261);
#2863=AXIS2_PLACEMENT_3D('',#4077,#3264,#3265);
#2864=AXIS2_PLACEMENT_3D('',#4080,#3267,#3268);
#2865=AXIS2_PLACEMENT_3D('',#4081,#3269,#3270);
#2866=AXIS2_PLACEMENT_3D('',#4085,#3273,#3274);
#2867=AXIS2_PLACEMENT_3D('',#4088,#3276,#3277);
#2868=AXIS2_PLACEMENT_3D('',#4089,#3278,#3279);
#2869=AXIS2_PLACEMENT_3D('',#4091,#3281,#3282);
#2870=AXIS2_PLACEMENT_3D('',#4095,#3285,#3286);
#2871=AXIS2_PLACEMENT_3D('',#4097,#3287,#3288);
#2872=AXIS2_PLACEMENT_3D('',#4099,#3290,#3291);
#2873=AXIS2_PLACEMENT_3D('',#4101,#3293,#3294);
#2874=AXIS2_PLACEMENT_3D('',#4102,#3295,#3296);
#2875=AXIS2_PLACEMENT_3D('',#4109,#3297,#3298);
#2876=AXIS2_PLACEMENT_3D('',#4118,#3299,#3300);
#2877=AXIS2_PLACEMENT_3D('',#4120,#3301,#3302);
#2878=AXIS2_PLACEMENT_3D('',#4124,#3304,#3305);
#2879=AXIS2_PLACEMENT_3D('',#4128,#3307,#3308);
#2880=AXIS2_PLACEMENT_3D('',#4133,#3311,#3312);
#2881=AXIS2_PLACEMENT_3D('',#4136,#3314,#3315);
#2882=AXIS2_PLACEMENT_3D('',#4137,#3316,#3317);
#2883=AXIS2_PLACEMENT_3D('',#4161,#3318,#3319);
#2884=AXIS2_PLACEMENT_3D('',#4168,#3320,#3321);
#2885=AXIS2_PLACEMENT_3D('',#4170,#3323,#3324);
#2886=AXIS2_PLACEMENT_3D('',#4171,#3325,#3326);
#2887=AXIS2_PLACEMENT_3D('',#4179,#3327,#3328);
#2888=AXIS2_PLACEMENT_3D('',#4181,#3329,#3330);
#2889=AXIS2_PLACEMENT_3D('',#4200,#3331,#3332);
#2890=AXIS2_PLACEMENT_3D('',#4202,#3333,#3334);
#2891=AXIS2_PLACEMENT_3D('',#4207,#3337,#3338);
#2892=AXIS2_PLACEMENT_3D('',#4211,#3340,#3341);
#2893=AXIS2_PLACEMENT_3D('',#4215,#3343,#3344);
#2894=AXIS2_PLACEMENT_3D('',#4217,#3346,#3347);
#2895=AXIS2_PLACEMENT_3D('',#4230,#3348,#3349);
#2896=AXIS2_PLACEMENT_3D('',#4232,#3350,#3351);
#2897=AXIS2_PLACEMENT_3D('',#4234,#3353,#3354);
#2898=AXIS2_PLACEMENT_3D('',#4242,#3358,#3359);
#2899=AXIS2_PLACEMENT_3D('',#4246,#3362,#3363);
#2900=AXIS2_PLACEMENT_3D('',#4262,#3372,#3373);
#2901=AXIS2_PLACEMENT_3D('',#4263,#3374,#3375);
#2902=AXIS2_PLACEMENT_3D('',#4264,#3376,#3377);
#2903=AXIS2_PLACEMENT_3D('',#4270,#3381,#3382);
#2904=AXIS2_PLACEMENT_3D('',#4271,#3383,#3384);
#2905=AXIS2_PLACEMENT_3D('',#4272,#3385,#3386);
#2906=AXIS2_PLACEMENT_3D('',#4280,#3391,#3392);
#2907=AXIS2_PLACEMENT_3D('',#4282,#3393,#3394);
#2908=AXIS2_PLACEMENT_3D('',#4285,#3396,#3397);
#2909=AXIS2_PLACEMENT_3D('',#4286,#3398,#3399);
#2910=AXIS2_PLACEMENT_3D('',#4289,#3401,#3402);
#2911=AXIS2_PLACEMENT_3D('',#4290,#3403,#3404);
#2912=AXIS2_PLACEMENT_3D('',#4299,#3409,#3410);
#2913=AXIS2_PLACEMENT_3D('',#4303,#3414,#3415);
#2914=AXIS2_PLACEMENT_3D('',#4310,#3418,#3419);
#2915=AXIS2_PLACEMENT_3D('',#4314,#3422,#3423);
#2916=AXIS2_PLACEMENT_3D('',#4329,#3432,#3433);
#2917=AXIS2_PLACEMENT_3D('',#4336,#3438,#3439);
#2918=AXIS2_PLACEMENT_3D('',#4338,#3441,#3442);
#2919=AXIS2_PLACEMENT_3D('',#4343,#3444,#3445);
#2920=AXIS2_PLACEMENT_3D('',#4347,#3447,#3448);
#2921=AXIS2_PLACEMENT_3D('',#4350,#3450,#3451);
#2922=AXIS2_PLACEMENT_3D('',#4351,#3452,#3453);
#2923=AXIS2_PLACEMENT_3D('',#4354,#3454,#3455);
#2924=AXIS2_PLACEMENT_3D('',#4358,#3457,#3458);
#2925=AXIS2_PLACEMENT_3D('',#4361,#3460,#3461);
#2926=AXIS2_PLACEMENT_3D('',#4363,#3462,#3463);
#2927=AXIS2_PLACEMENT_3D('',#4367,#3465,#3466);
#2928=AXIS2_PLACEMENT_3D('',#4371,#3468,#3469);
#2929=AXIS2_PLACEMENT_3D('',#4375,#3471,#3472);
#2930=AXIS2_PLACEMENT_3D('',#4379,#3474,#3475);
#2931=AXIS2_PLACEMENT_3D('',#4381,#3477,#3478);
#2932=AXIS2_PLACEMENT_3D('',#4384,#3479,#3480);
#2933=AXIS2_PLACEMENT_3D('',#4387,#3483,#3484);
#2934=AXIS2_PLACEMENT_3D('',#4394,#3489,#3490);
#2935=AXIS2_PLACEMENT_3D('',#4398,#3493,#3494);
#2936=AXIS2_PLACEMENT_3D('',#4399,#3495,#3496);
#2937=AXIS2_PLACEMENT_3D('',#4401,#3497,#3498);
#2938=AXIS2_PLACEMENT_3D('',#4405,#3500,#3501);
#2939=AXIS2_PLACEMENT_3D('',#4409,#3503,#3504);
#2940=AXIS2_PLACEMENT_3D('',#4412,#3506,#3507);
#2941=AXIS2_PLACEMENT_3D('',#4414,#3508,#3509);
#2942=AXIS2_PLACEMENT_3D('',#4420,#3512,#3513);
#2943=AXIS2_PLACEMENT_3D('',#4424,#3515,#3516);
#2944=AXIS2_PLACEMENT_3D('',#4427,#3518,#3519);
#2945=AXIS2_PLACEMENT_3D('',#4431,#3521,#3522);
#2946=AXIS2_PLACEMENT_3D('',#4435,#3524,#3525);
#2947=AXIS2_PLACEMENT_3D('',#4438,#3527,#3528);
#2948=AXIS2_PLACEMENT_3D('',#4440,#3530,#3531);
#2949=AXIS2_PLACEMENT_3D('',#4446,#3535,#3536);
#2950=AXIS2_PLACEMENT_3D('',#4449,#3538,#3539);
#2951=AXIS2_PLACEMENT_3D('',#4454,#3543,#3544);
#2952=AXIS2_PLACEMENT_3D('',#4456,#3546,#3547);
#2953=AXIS2_PLACEMENT_3D('',#4460,#3550,#3551);
#2954=AXIS2_PLACEMENT_3D('',#4462,#3553,#3554);
#2955=AXIS2_PLACEMENT_3D('',#4465,#3557,#3558);
#2956=AXIS2_PLACEMENT_3D('',#4467,#3560,#3561);
#2957=AXIS2_PLACEMENT_3D('',#4468,#3562,#3563);
#2958=AXIS2_PLACEMENT_3D('',#4470,#3565,#3566);
#2959=AXIS2_PLACEMENT_3D('',#4471,#3567,#3568);
#2960=AXIS2_PLACEMENT_3D('',#4474,#3571,#3572);
#2961=AXIS2_PLACEMENT_3D('',#4476,#3574,#3575);
#2962=AXIS2_PLACEMENT_3D('',#4478,#3577,#3578);
#2963=AXIS2_PLACEMENT_3D('',#4479,#3579,#3580);
#2964=AXIS2_PLACEMENT_3D('',#4482,#3583,#3584);
#2965=AXIS2_PLACEMENT_3D('',#4484,#3586,#3587);
#2966=AXIS2_PLACEMENT_3D('',#4486,#3589,#3590);
#2967=AXIS2_PLACEMENT_3D('',#4487,#3591,#3592);
#2968=AXIS2_PLACEMENT_3D('',#4489,#3594,#3595);
#2969=AXIS2_PLACEMENT_3D('',#4491,#3597,#3598);
#2970=AXIS2_PLACEMENT_3D('',#4492,#3599,#3600);
#2971=AXIS2_PLACEMENT_3D('',#4494,#3602,#3603);
#2972=AXIS2_PLACEMENT_3D('',#4496,#3605,#3606);
#2973=AXIS2_PLACEMENT_3D('',#4497,#3607,#3608);
#2974=AXIS2_PLACEMENT_3D('',#4499,#3610,#3611);
#2975=AXIS2_PLACEMENT_3D('',#4500,#3612,#3613);
#2976=AXIS2_PLACEMENT_3D('',#4501,#3614,#3615);
#2977=AXIS2_PLACEMENT_3D('',#4502,#3616,#3617);
#2978=AXIS2_PLACEMENT_3D('',#4503,#3618,#3619);
#2979=AXIS2_PLACEMENT_3D('',#4504,#3620,#3621);
#2980=AXIS2_PLACEMENT_3D('',#4507,#3622,#3623);
#2981=AXIS2_PLACEMENT_3D('',#4511,#3625,#3626);
#2982=AXIS2_PLACEMENT_3D('',#4515,#3628,#3629);
#2983=AXIS2_PLACEMENT_3D('',#4519,#3631,#3632);
#2984=AXIS2_PLACEMENT_3D('',#4523,#3634,#3635);
#2985=AXIS2_PLACEMENT_3D('',#4527,#3637,#3638);
#2986=AXIS2_PLACEMENT_3D('',#4531,#3640,#3641);
#2987=AXIS2_PLACEMENT_3D('',#4535,#3643,#3644);
#2988=AXIS2_PLACEMENT_3D('',#4537,#3646,#3647);
#2989=AXIS2_PLACEMENT_3D('',#4543,#3651,#3652);
#2990=AXIS2_PLACEMENT_3D('',#4545,#3653,#3654);
#2991=AXIS2_PLACEMENT_3D('',#4547,#3656,#3657);
#2992=AXIS2_PLACEMENT_3D('',#4551,#3660,#3661);
#2993=AXIS2_PLACEMENT_3D('',#4553,#3662,#3663);
#2994=AXIS2_PLACEMENT_3D('',#4555,#3665,#3666);
#2995=AXIS2_PLACEMENT_3D('',#4561,#3670,#3671);
#2996=AXIS2_PLACEMENT_3D('',#4563,#3672,#3673);
#2997=AXIS2_PLACEMENT_3D('',#4565,#3675,#3676);
#2998=AXIS2_PLACEMENT_3D('',#4569,#3679,#3680);
#2999=AXIS2_PLACEMENT_3D('',#4571,#3681,#3682);
#3000=AXIS2_PLACEMENT_3D('',#4573,#3684,#3685);
#3001=AXIS2_PLACEMENT_3D('',#4577,#3688,#3689);
#3002=AXIS2_PLACEMENT_3D('',#4579,#3690,#3691);
#3003=AXIS2_PLACEMENT_3D('',#4581,#3693,#3694);
#3004=AXIS2_PLACEMENT_3D('',#4585,#3697,#3698);
#3005=AXIS2_PLACEMENT_3D('',#4586,#3699,#3700);
#3006=AXIS2_PLACEMENT_3D('',#4587,#3701,#3702);
#3007=AXIS2_PLACEMENT_3D('',#4591,#3705,#3706);
#3008=AXIS2_PLACEMENT_3D('',#4593,#3707,#3708);
#3009=AXIS2_PLACEMENT_3D('',#4595,#3710,#3711);
#3010=AXIS2_PLACEMENT_3D('',#4599,#3714,#3715);
#3011=AXIS2_PLACEMENT_3D('',#4600,#3716,#3717);
#3012=AXIS2_PLACEMENT_3D('',#4601,#3718,#3719);
#3013=AXIS2_PLACEMENT_3D('',#4602,#3720,#3721);
#3014=AXIS2_PLACEMENT_3D('',#4604,#3722,#3723);
#3015=AXIS2_PLACEMENT_3D('',#4607,#3725,#3726);
#3016=AXIS2_PLACEMENT_3D('',#4608,#3727,#3728);
#3017=AXIS2_PLACEMENT_3D('',#4610,#3729,#3730);
#3018=AXIS2_PLACEMENT_3D('',#4613,#3732,#3733);
#3019=AXIS2_PLACEMENT_3D('',#4614,#3734,#3735);
#3020=AXIS2_PLACEMENT_3D('',#4616,#3736,#3737);
#3021=AXIS2_PLACEMENT_3D('',#4619,#3739,#3740);
#3022=AXIS2_PLACEMENT_3D('',#4620,#3741,#3742);
#3023=AXIS2_PLACEMENT_3D('',#4622,#3743,#3744);
#3024=AXIS2_PLACEMENT_3D('',#4625,#3746,#3747);
#3025=AXIS2_PLACEMENT_3D('',#4626,#3748,#3749);
#3026=AXIS2_PLACEMENT_3D('',#4628,#3750,#3751);
#3027=AXIS2_PLACEMENT_3D('',#4631,#3753,#3754);
#3028=AXIS2_PLACEMENT_3D('',#4632,#3755,#3756);
#3029=AXIS2_PLACEMENT_3D('',#4637,#3758,#3759);
#3030=AXIS2_PLACEMENT_3D('',#4641,#3761,#3762);
#3031=AXIS2_PLACEMENT_3D('',#4645,#3764,#3765);
#3032=AXIS2_PLACEMENT_3D('',#4648,#3767,#3768);
#3033=AXIS2_PLACEMENT_3D('',#4653,#3770,#3771);
#3034=AXIS2_PLACEMENT_3D('',#4657,#3773,#3774);
#3035=AXIS2_PLACEMENT_3D('',#4661,#3776,#3777);
#3036=AXIS2_PLACEMENT_3D('',#4664,#3779,#3780);
#3037=AXIS2_PLACEMENT_3D('',#4665,#3781,#3782);
#3038=AXIS2_PLACEMENT_3D('',#4671,#3786,#3787);
#3039=AXIS2_PLACEMENT_3D('',#4674,#3789,#3790);
#3040=AXIS2_PLACEMENT_3D('',#4675,#3791,#3792);
#3041=AXIS2_PLACEMENT_3D('',#4679,#3795,#3796);
#3042=AXIS2_PLACEMENT_3D('',#4682,#3798,#3799);
#3043=AXIS2_PLACEMENT_3D('',#4683,#3800,#3801);
#3044=AXIS2_PLACEMENT_3D('',#4689,#3805,#3806);
#3045=AXIS2_PLACEMENT_3D('',#4692,#3808,#3809);
#3046=AXIS2_PLACEMENT_3D('',#4693,#3810,#3811);
#3047=AXIS2_PLACEMENT_3D('',#4697,#3814,#3815);
#3048=AXIS2_PLACEMENT_3D('',#4700,#3817,#3818);
#3049=AXIS2_PLACEMENT_3D('',#4701,#3819,#3820);
#3050=AXIS2_PLACEMENT_3D('',#4703,#3821,#3822);
#3051=AXIS2_PLACEMENT_3D('',#4706,#3824,#3825);
#3052=AXIS2_PLACEMENT_3D('',#4707,#3826,#3827);
#3053=AXIS2_PLACEMENT_3D('',#4709,#3828,#3829);
#3054=AXIS2_PLACEMENT_3D('',#4712,#3831,#3832);
#3055=AXIS2_PLACEMENT_3D('',#4713,#3833,#3834);
#3056=AXIS2_PLACEMENT_3D('',#4717,#3836,#3837);
#3057=AXIS2_PLACEMENT_3D('',#4720,#3839,#3840);
#3058=AXIS2_PLACEMENT_3D('',#4721,#3841,#3842);
#3059=AXIS2_PLACEMENT_3D('',#4725,#3844,#3845);
#3060=AXIS2_PLACEMENT_3D('',#4728,#3847,#3848);
#3061=AXIS2_PLACEMENT_3D('',#4729,#3849,#3850);
#3062=AXIS2_PLACEMENT_3D('',#4731,#3852,#3853);
#3063=AXIS2_PLACEMENT_3D('',#4733,#3855,#3856);
#3064=AXIS2_PLACEMENT_3D('',#4735,#3858,#3859);
#3065=AXIS2_PLACEMENT_3D('',#4736,#3860,#3861);
#3066=AXIS2_PLACEMENT_3D('',#4738,#3863,#3864);
#3067=AXIS2_PLACEMENT_3D('',#4740,#3866,#3867);
#3068=AXIS2_PLACEMENT_3D('',#4742,#3869,#3870);
#3069=AXIS2_PLACEMENT_3D('',#4743,#3871,#3872);
#3070=AXIS2_PLACEMENT_3D('',#4744,#3873,#3874);
#3071=DIRECTION('axis',(0.,0.,1.));
#3072=DIRECTION('refdir',(1.,0.,0.));
#3073=DIRECTION('axis',(0.,0.,1.));
#3074=DIRECTION('refdir',(1.,0.,0.));
#3075=DIRECTION('axis',(0.,0.,1.));
#3076=DIRECTION('refdir',(1.,0.,0.));
#3077=DIRECTION('center_axis',(0.,0.,-1.));
#3078=DIRECTION('ref_axis',(-1.,-3.15544362088405E-30,1.83003795267899E-17));
#3079=DIRECTION('center_axis',(-1.57772181044202E-30,-2.80035687503751E-60,
-1.));
#3080=DIRECTION('ref_axis',(-1.,-3.15544362088405E-30,1.57926255439753E-30));
#3081=DIRECTION('',(-0.707106781186547,8.65956056235471E-17,0.707106781186548));
#3082=DIRECTION('center_axis',(1.57772181044202E-30,2.80035687503751E-60,
1.));
#3083=DIRECTION('ref_axis',(-1.,-3.15544362088405E-30,4.27008855625076E-17));
#3084=DIRECTION('center_axis',(4.27008855625076E-17,1.34740236954312E-46,
1.));
#3085=DIRECTION('ref_axis',(-1.,-3.15544362088405E-30,4.27008855625076E-17));
#3086=DIRECTION('',(4.27008855625076E-17,1.34740236954312E-46,1.));
#3087=DIRECTION('center_axis',(8.22379461375696E-17,2.59497202534402E-46,
-1.));
#3088=DIRECTION('ref_axis',(-1.,-3.15544362088405E-30,4.27008855625076E-17));
#3089=DIRECTION('center_axis',(1.57772181044202E-30,2.80035687503751E-60,
1.));
#3090=DIRECTION('ref_axis',(1.,0.,-1.57772181044202E-30));
#3091=DIRECTION('',(3.15544362088405E-30,-1.,-2.1780553472514E-60));
#3092=DIRECTION('',(-1.,-3.15544362088405E-30,1.57772181044202E-30));
#3093=DIRECTION('',(-3.15544362088405E-30,1.,2.1780553472514E-60));
#3094=DIRECTION('center_axis',(-1.57772181044202E-30,-2.80035687503751E-60,
-1.));
#3095=DIRECTION('ref_axis',(1.,3.15544362088405E-30,-6.59669058006545E-17));
#3096=DIRECTION('center_axis',(1.,1.94741233672654E-33,-1.05735526154765E-16));
#3097=DIRECTION('ref_axis',(-1.05735526154765E-16,1.38777878078145E-17,
-1.));
#3098=DIRECTION('',(-6.59669058006545E-17,-1.34740236954312E-46,-1.));
#3099=DIRECTION('',(0.,1.,1.84177674954405E-17));
#3100=DIRECTION('',(-1.05735526154765E-16,-3.3364249150587E-46,-1.));
#3101=DIRECTION('',(-1.94741233672654E-33,1.,-1.55169527668431E-46));
#3102=DIRECTION('center_axis',(3.15544362088405E-30,-1.,-2.1780553472514E-60));
#3103=DIRECTION('ref_axis',(0.,2.1780553472514E-60,-1.));
#3104=DIRECTION('',(-1.,-3.15544362088405E-30,-7.96798524596287E-14));
#3105=DIRECTION('',(-1.,-3.15544362088405E-30,3.3526588471893E-30));
#3106=DIRECTION('',(1.46410661372443E-13,4.61990587457088E-43,-1.));
#3107=DIRECTION('center_axis',(-3.15544362088405E-30,1.,2.1780553472514E-60));
#3108=DIRECTION('ref_axis',(0.,0.,1.));
#3109=DIRECTION('',(1.,3.15544362088405E-30,-8.76491861546032E-16));
#3110=DIRECTION('center_axis',(3.15544362088405E-30,-1.,-2.1780553472514E-60));
#3111=DIRECTION('ref_axis',(0.,0.,-1.));
#3112=DIRECTION('',(-3.62169841042842E-14,-1.14280651459523E-43,1.));
#3113=DIRECTION('center_axis',(3.15544362088405E-30,-1.,-2.1780553472514E-60));
#3114=DIRECTION('ref_axis',(0.,0.,-1.));
#3115=DIRECTION('center_axis',(7.96798524596287E-14,0.,-1.));
#3116=DIRECTION('ref_axis',(-1.,0.,-7.96798524596287E-14));
#3117=DIRECTION('',(0.,1.,0.));
#3118=DIRECTION('',(1.,0.,-7.96798524596287E-14));
#3119=DIRECTION('',(0.,1.,0.));
#3120=DIRECTION('',(-1.,-3.15544362088405E-30,-7.96798524596287E-14));
#3121=DIRECTION('',(6.17484911390642E-47,-1.,4.92011066356533E-60));
#3122=DIRECTION('center_axis',(-7.96798524596287E-14,0.,1.));
#3123=DIRECTION('ref_axis',(1.,3.15544362088405E-30,-6.59669058006545E-17));
#3124=DIRECTION('center_axis',(8.22379461375696E-17,2.59497202534402E-46,
-1.));
#3125=DIRECTION('ref_axis',(-1.,-3.15544362088405E-30,-8.22379461375696E-17));
#3126=DIRECTION('',(1.,0.,8.22379461375696E-17));
#3127=DIRECTION('',(-3.15544362088405E-30,1.,2.1780553472514E-60));
#3128=DIRECTION('',(1.,3.15544362088405E-30,8.22379461375696E-17));
#3129=DIRECTION('',(3.15544362088405E-30,-1.,-2.1780553472514E-60));
#3130=DIRECTION('center_axis',(0.,0.,-1.));
#3131=DIRECTION('ref_axis',(-1.,0.,0.));
#3132=DIRECTION('',(0.,1.,0.));
#3133=DIRECTION('',(-1.,0.,0.));
#3134=DIRECTION('',(0.,1.,0.));
#3135=DIRECTION('',(-3.15422865775062E-30,1.,1.84177674954405E-17));
#3136=DIRECTION('',(1.,3.15544362088405E-30,-3.3526588471893E-30));
#3137=DIRECTION('center_axis',(0.,1.,0.));
#3138=DIRECTION('ref_axis',(-2.01858731750028E-15,0.,1.));
#3139=DIRECTION('',(0.,1.,0.));
#3140=DIRECTION('center_axis',(0.,-1.,0.));
#3141=DIRECTION('ref_axis',(-2.01858731750028E-15,0.,1.));
#3142=DIRECTION('center_axis',(0.,1.,0.));
#3143=DIRECTION('ref_axis',(-2.01858731750028E-15,0.,1.));
#3144=DIRECTION('center_axis',(1.94461486619473E-16,0.,-1.));
#3145=DIRECTION('ref_axis',(-1.,0.,-1.94461486619473E-16));
#3146=DIRECTION('',(-1.,-3.15544362088405E-30,-1.94461486619473E-16));
#3147=DIRECTION('',(0.,1.,0.));
#3148=DIRECTION('',(-1.,0.,-1.94461486619473E-16));
#3149=DIRECTION('',(1.,0.,1.94461486619473E-16));
#3150=DIRECTION('',(-3.15544362088405E-30,1.,-6.13612257461045E-46));
#3151=DIRECTION('center_axis',(0.,1.,0.));
#3152=DIRECTION('ref_axis',(0.,0.,-1.));
#3153=DIRECTION('center_axis',(-3.15544362088405E-30,1.,2.1780553472514E-60));
#3154=DIRECTION('ref_axis',(0.,0.,-1.));
#3155=DIRECTION('',(0.,1.,0.));
#3156=DIRECTION('center_axis',(0.,-1.,0.));
#3157=DIRECTION('ref_axis',(0.,0.,-1.));
#3158=DIRECTION('center_axis',(-1.,-6.17484911390642E-47,3.3526588471893E-30));
#3159=DIRECTION('ref_axis',(3.3526588471893E-30,-1.38777878078145E-17,1.));
#3160=DIRECTION('',(-6.59669058006545E-17,-1.34740236954312E-46,-1.));
#3161=DIRECTION('',(3.3526588471893E-30,8.40107062511254E-60,1.));
#3162=DIRECTION('',(0.,1.,1.84177674954405E-17));
#3163=DIRECTION('center_axis',(3.15544362088405E-30,-1.,-2.1780553472514E-60));
#3164=DIRECTION('ref_axis',(0.,2.1780553472514E-60,-1.));
#3165=DIRECTION('center_axis',(3.15544362088405E-30,-1.,-2.1780553472514E-60));
#3166=DIRECTION('ref_axis',(0.,0.,-1.));
#3167=DIRECTION('',(-3.3526588471893E-30,-8.40107062511254E-60,-1.));
#3168=DIRECTION('center_axis',(3.15544362088405E-30,-1.,-2.1780553472514E-60));
#3169=DIRECTION('ref_axis',(0.,0.,-1.));
#3170=DIRECTION('',(1.,3.15544362088405E-30,8.76491861546032E-16));
#3171=DIRECTION('center_axis',(-3.15544362088405E-30,1.,2.1780553472514E-60));
#3172=DIRECTION('ref_axis',(0.,0.,1.));
#3173=DIRECTION('',(1.46410661372443E-13,4.61990587457088E-43,1.));
#3174=DIRECTION('',(-1.,-3.15544362088405E-30,-4.33680868993885E-17));
#3175=DIRECTION('center_axis',(1.,3.15544362088405E-30,-6.59669058006545E-17));
#3176=DIRECTION('ref_axis',(3.15544362088405E-30,-1.,2.51425282156721E-43));
#3177=DIRECTION('',(3.15422865775062E-30,-1.,-1.84177674954405E-17));
#3178=DIRECTION('',(-6.59669058006545E-17,-1.34740236954312E-46,-1.));
#3179=DIRECTION('',(-6.59669058006545E-17,-1.34740236954312E-46,-1.));
#3180=DIRECTION('center_axis',(1.,0.,-1.46410661372443E-13));
#3181=DIRECTION('ref_axis',(-1.46410661372443E-13,0.,-1.));
#3182=DIRECTION('',(0.,1.,0.));
#3183=DIRECTION('',(-1.46410661372443E-13,0.,-1.));
#3184=DIRECTION('',(0.,1.,0.));
#3185=DIRECTION('center_axis',(0.,-1.,0.));
#3186=DIRECTION('ref_axis',(0.,0.,1.));
#3187=DIRECTION('',(0.,1.,0.));
#3188=DIRECTION('center_axis',(0.,-1.,0.));
#3189=DIRECTION('ref_axis',(0.,0.,1.));
#3190=DIRECTION('center_axis',(8.76491861546032E-16,0.,-1.));
#3191=DIRECTION('ref_axis',(-1.,0.,-8.76491861546032E-16));
#3192=DIRECTION('',(0.,1.,0.));
#3193=DIRECTION('',(-1.,0.,-8.76491861546032E-16));
#3194=DIRECTION('center_axis',(0.,-1.,0.));
#3195=DIRECTION('ref_axis',(0.,0.,-1.));
#3196=DIRECTION('center_axis',(0.,1.,0.));
#3197=DIRECTION('ref_axis',(0.,0.,-1.));
#3198=DIRECTION('center_axis',(-3.15544362088405E-30,1.,2.1780553472514E-60));
#3199=DIRECTION('ref_axis',(0.,0.,-1.));
#3200=DIRECTION('center_axis',(0.,1.,0.));
#3201=DIRECTION('ref_axis',(1.,0.,0.));
#3202=DIRECTION('',(-6.59669058006545E-17,-1.34740236954312E-46,-1.));
#3203=DIRECTION('',(-1.,0.,0.));
#3204=DIRECTION('center_axis',(0.,-1.,0.));
#3205=DIRECTION('ref_axis',(2.01858731750028E-15,0.,1.));
#3206=DIRECTION('',(-1.,0.,1.94461486619473E-16));
#3207=DIRECTION('',(-1.57772181044202E-30,0.,-1.));
#3208=DIRECTION('',(-3.59500788926241E-14,0.,1.));
#3209=DIRECTION('center_axis',(1.,3.15544362088405E-30,3.59500788926241E-14));
#3210=DIRECTION('ref_axis',(3.59500788926241E-14,1.13438447112009E-43,-1.));
#3211=DIRECTION('',(-3.59500788926241E-14,-1.13438447112009E-43,1.));
#3212=DIRECTION('',(-3.59500788926241E-14,-1.13438447112009E-43,1.));
#3213=DIRECTION('center_axis',(-3.15544362088405E-30,1.,2.1780553472514E-60));
#3214=DIRECTION('ref_axis',(1.57772181044202E-30,2.80035687503751E-60,1.));
#3215=DIRECTION('',(-1.57772181044202E-30,-2.80035687503751E-60,-1.));
#3216=DIRECTION('',(-1.,-3.15544362088405E-30,1.94461486619473E-16));
#3217=DIRECTION('center_axis',(-3.15544362088405E-30,1.,2.1780553472514E-60));
#3218=DIRECTION('ref_axis',(0.,0.,-1.));
#3219=DIRECTION('',(0.,2.1780553472514E-60,-1.));
#3220=DIRECTION('center_axis',(-3.15544362088405E-30,1.,2.1780553472514E-60));
#3221=DIRECTION('ref_axis',(1.,0.,0.));
#3222=DIRECTION('',(1.,3.15544362088405E-30,7.96798524596299E-14));
#3223=DIRECTION('center_axis',(-3.15544362088405E-30,1.,2.1780553472514E-60));
#3224=DIRECTION('ref_axis',(-1.,0.,0.));
#3225=DIRECTION('',(0.,-2.1780553472514E-60,1.));
#3226=DIRECTION('center_axis',(-3.15544362088405E-30,1.,2.1780553472514E-60));
#3227=DIRECTION('ref_axis',(0.,0.,-1.));
#3228=DIRECTION('',(-1.57772181044202E-30,-2.80035687503751E-60,-1.));
#3229=DIRECTION('center_axis',(-1.,-3.15544362088405E-30,1.57772181044202E-30));
#3230=DIRECTION('ref_axis',(1.57772181044202E-30,2.80035687503751E-60,1.));
#3231=DIRECTION('',(3.15544362088405E-30,-1.,-6.13612257461045E-46));
#3232=DIRECTION('center_axis',(0.,1.,0.));
#3233=DIRECTION('ref_axis',(0.,0.,-1.));
#3234=DIRECTION('',(0.,1.,0.));
#3235=DIRECTION('center_axis',(0.,1.,0.));
#3236=DIRECTION('ref_axis',(0.,0.,-1.));
#3237=DIRECTION('center_axis',(-1.,0.,0.));
#3238=DIRECTION('ref_axis',(0.,0.,1.));
#3239=DIRECTION('',(0.,1.,0.));
#3240=DIRECTION('',(0.,0.,1.));
#3241=DIRECTION('center_axis',(0.,1.,0.));
#3242=DIRECTION('ref_axis',(-1.,0.,0.));
#3243=DIRECTION('',(0.,1.,0.));
#3244=DIRECTION('center_axis',(0.,1.,0.));
#3245=DIRECTION('ref_axis',(-1.,0.,0.));
#3246=DIRECTION('center_axis',(-6.59669058006545E-17,-1.34740236954312E-46,
-1.));
#3247=DIRECTION('ref_axis',(1.,3.15544362088405E-30,-6.59669058006545E-17));
#3248=DIRECTION('',(-6.59669058006545E-17,-1.34740236954312E-46,-1.));
#3249=DIRECTION('center_axis',(-1.,-3.15544362088405E-30,6.59669058006545E-17));
#3250=DIRECTION('ref_axis',(-3.15544362088405E-30,1.,-2.51425282156721E-43));
#3251=DIRECTION('center_axis',(-7.96798524596299E-14,0.,1.));
#3252=DIRECTION('ref_axis',(1.,0.,7.96798524596299E-14));
#3253=DIRECTION('',(0.,1.,0.));
#3254=DIRECTION('',(1.,0.,7.96798524596299E-14));
#3255=DIRECTION('center_axis',(0.,-1.,0.));
#3256=DIRECTION('ref_axis',(1.,0.,0.));
#3257=DIRECTION('',(0.,1.,0.));
#3258=DIRECTION('center_axis',(0.,-1.,0.));
#3259=DIRECTION('ref_axis',(1.,0.,0.));
#3260=DIRECTION('center_axis',(-1.,0.,0.));
#3261=DIRECTION('ref_axis',(0.,0.,1.));
#3262=DIRECTION('',(0.,1.,0.));
#3263=DIRECTION('',(0.,0.,1.));
#3264=DIRECTION('center_axis',(0.,-1.,0.));
#3265=DIRECTION('ref_axis',(0.,0.,-1.));
#3266=DIRECTION('',(0.,1.,0.));
#3267=DIRECTION('center_axis',(0.,-1.,0.));
#3268=DIRECTION('ref_axis',(0.,0.,-1.));
#3269=DIRECTION('center_axis',(1.94461486619473E-16,0.,1.));
#3270=DIRECTION('ref_axis',(1.,0.,-1.94461486619473E-16));
#3271=DIRECTION('',(0.,1.,0.));
#3272=DIRECTION('',(1.,0.,-1.94461486619473E-16));
#3273=DIRECTION('center_axis',(0.,-1.,0.));
#3274=DIRECTION('ref_axis',(2.01858731750028E-15,0.,1.));
#3275=DIRECTION('',(0.,1.,0.));
#3276=DIRECTION('center_axis',(0.,1.,0.));
#3277=DIRECTION('ref_axis',(2.01858731750028E-15,0.,1.));
#3278=DIRECTION('center_axis',(0.,0.,1.));
#3279=DIRECTION('ref_axis',(1.,0.,0.));
#3280=DIRECTION('',(1.,0.,0.));
#3281=DIRECTION('center_axis',(1.,0.,1.46410661372443E-13));
#3282=DIRECTION('ref_axis',(1.46410661372443E-13,0.,-1.));
#3283=DIRECTION('',(1.46410661372443E-13,0.,-1.));
#3284=DIRECTION('',(0.,1.,0.));
#3285=DIRECTION('center_axis',(0.,1.,0.));
#3286=DIRECTION('ref_axis',(0.,0.,1.));
#3287=DIRECTION('center_axis',(0.,1.,0.));
#3288=DIRECTION('ref_axis',(0.,0.,1.));
#3289=DIRECTION('',(0.,1.,0.));
#3290=DIRECTION('center_axis',(8.76491861546032E-16,0.,1.));
#3291=DIRECTION('ref_axis',(1.,0.,-8.76491861546032E-16));
#3292=DIRECTION('',(1.,0.,-8.76491861546032E-16));
#3293=DIRECTION('center_axis',(0.,1.,0.));
#3294=DIRECTION('ref_axis',(1.,0.,0.));
#3295=DIRECTION('center_axis',(0.,1.,0.));
#3296=DIRECTION('ref_axis',(0.,0.,1.));
#3297=DIRECTION('center_axis',(0.,-1.,0.));
#3298=DIRECTION('ref_axis',(0.,0.,1.));
#3299=DIRECTION('center_axis',(0.,-1.,0.));
#3300=DIRECTION('ref_axis',(0.,0.,1.));
#3301=DIRECTION('center_axis',(0.,-1.,0.));
#3302=DIRECTION('ref_axis',(0.,0.,1.));
#3303=DIRECTION('',(0.,-1.,0.));
#3304=DIRECTION('center_axis',(0.,-1.,0.));
#3305=DIRECTION('ref_axis',(0.,0.,1.));
#3306=DIRECTION('',(0.,-1.,0.));
#3307=DIRECTION('center_axis',(0.,0.866025403784439,-0.5));
#3308=DIRECTION('ref_axis',(0.,0.5,0.866025403784439));
#3309=DIRECTION('',(0.,1.,0.));
#3310=DIRECTION('',(0.,-1.,0.));
#3311=DIRECTION('center_axis',(0.,0.866025403784439,-0.5));
#3312=DIRECTION('ref_axis',(0.,0.5,0.866025403784439));
#3313=DIRECTION('',(0.,1.,0.));
#3314=DIRECTION('center_axis',(0.,-1.,0.));
#3315=DIRECTION('ref_axis',(0.,0.,1.));
#3316=DIRECTION('center_axis',(0.,1.,0.));
#3317=DIRECTION('ref_axis',(-0.0102393923457174,0.,-0.99994757604806));
#3318=DIRECTION('center_axis',(0.,1.,0.));
#3319=DIRECTION('ref_axis',(0.,0.,1.));
#3320=DIRECTION('center_axis',(0.,-1.,0.));
#3321=DIRECTION('ref_axis',(0.,0.,1.));
#3322=DIRECTION('',(-8.65956056235493E-17,-0.707106781186548,0.707106781186547));
#3323=DIRECTION('center_axis',(0.,-1.,0.));
#3324=DIRECTION('ref_axis',(0.,0.,1.));
#3325=DIRECTION('center_axis',(0.,1.,0.));
#3326=DIRECTION('ref_axis',(0.0101037323739926,0.,-0.999948955993312));
#3327=DIRECTION('center_axis',(0.,-1.,0.));
#3328=DIRECTION('ref_axis',(0.,0.,1.));
#3329=DIRECTION('center_axis',(0.,-1.,0.));
#3330=DIRECTION('ref_axis',(0.,0.,1.));
#3331=DIRECTION('center_axis',(0.,-1.,0.));
#3332=DIRECTION('ref_axis',(0.,0.,1.));
#3333=DIRECTION('center_axis',(0.,-1.,0.));
#3334=DIRECTION('ref_axis',(0.,0.,1.));
#3335=DIRECTION('',(0.,-1.,0.));
#3336=DIRECTION('',(0.,-1.,0.));
#3337=DIRECTION('center_axis',(0.,0.866025403784439,-0.5));
#3338=DIRECTION('ref_axis',(0.,0.5,0.866025403784439));
#3339=DIRECTION('',(0.,1.,0.));
#3340=DIRECTION('center_axis',(0.,-1.,0.));
#3341=DIRECTION('ref_axis',(0.,0.,1.));
#3342=DIRECTION('',(0.,-1.,0.));
#3343=DIRECTION('center_axis',(0.,0.866025403784439,-0.5));
#3344=DIRECTION('ref_axis',(0.,0.5,0.866025403784439));
#3345=DIRECTION('',(0.,1.,0.));
#3346=DIRECTION('center_axis',(0.,1.,0.));
#3347=DIRECTION('ref_axis',(0.,0.,1.));
#3348=DIRECTION('center_axis',(0.,1.,0.));
#3349=DIRECTION('ref_axis',(0.,0.,1.));
#3350=DIRECTION('center_axis',(0.,-1.,0.));
#3351=DIRECTION('ref_axis',(0.,0.,1.));
#3352=DIRECTION('',(-8.65956056235493E-17,-0.707106781186548,0.707106781186547));
#3353=DIRECTION('center_axis',(0.,-1.,0.));
#3354=DIRECTION('ref_axis',(0.,0.,-1.));
#3355=DIRECTION('',(1.77635683940027E-14,0.,-1.));
#3356=DIRECTION('',(1.,0.,-1.69941164203433E-16));
#3357=DIRECTION('',(0.,0.,-1.));
#3358=DIRECTION('center_axis',(0.,1.,0.));
#3359=DIRECTION('ref_axis',(1.,0.,7.52693576017054E-16));
#3360=DIRECTION('',(-1.,0.,4.2700885562506E-17));
#3361=DIRECTION('',(1.77635683940027E-14,0.,-1.));
#3362=DIRECTION('center_axis',(-1.,0.,0.));
#3363=DIRECTION('ref_axis',(0.,0.,1.));
#3364=DIRECTION('',(0.,1.,0.));
#3365=DIRECTION('',(0.,0.,-1.));
#3366=DIRECTION('',(0.,1.,0.));
#3367=DIRECTION('',(0.,0.,-1.));
#3368=DIRECTION('',(0.,1.,0.));
#3369=DIRECTION('',(0.,0.,-1.));
#3370=DIRECTION('',(0.,1.,0.));
#3371=DIRECTION('',(0.,0.5,0.866025403784439));
#3372=DIRECTION('center_axis',(0.,0.866025403784439,-0.5));
#3373=DIRECTION('ref_axis',(0.,0.5,0.866025403784439));
#3374=DIRECTION('center_axis',(0.,-0.866025403784439,0.5));
#3375=DIRECTION('ref_axis',(0.,-0.5,-0.866025403784439));
#3376=DIRECTION('center_axis',(0.,0.866025403784439,-0.5));
#3377=DIRECTION('ref_axis',(0.,0.5,0.866025403784439));
#3378=DIRECTION('',(1.,-9.81155768992503E-17,-1.69941164203433E-16));
#3379=DIRECTION('',(-1.53837014910687E-14,0.5,0.866025403784439));
#3380=DIRECTION('',(-1.,0.,0.));
#3381=DIRECTION('center_axis',(0.,0.866025403784439,-0.5));
#3382=DIRECTION('ref_axis',(0.,0.5,0.866025403784439));
#3383=DIRECTION('center_axis',(0.,-0.866025403784439,0.5));
#3384=DIRECTION('ref_axis',(0.,-0.5,-0.866025403784439));
#3385=DIRECTION('center_axis',(0.,0.866025403784439,-0.5));
#3386=DIRECTION('ref_axis',(0.,0.5,0.866025403784439));
#3387=DIRECTION('',(-1.,0.,0.));
#3388=DIRECTION('',(1.53837014910706E-14,-0.5,-0.866025403784439));
#3389=DIRECTION('',(1.,2.0555213360393E-14,3.56026739006193E-14));
#3390=DIRECTION('',(3.11336815890672E-14,-0.5,-0.866025403784439));
#3391=DIRECTION('center_axis',(-4.2700885562506E-17,0.,-1.));
#3392=DIRECTION('ref_axis',(-1.,0.,4.2700885562506E-17));
#3393=DIRECTION('center_axis',(4.2700885562506E-17,0.,1.));
#3394=DIRECTION('ref_axis',(-1.,0.,4.2700885562506E-17));
#3395=DIRECTION('',(-0.707106781186547,-8.65956056235493E-17,0.707106781186548));
#3396=DIRECTION('center_axis',(4.2700885562506E-17,0.,1.));
#3397=DIRECTION('ref_axis',(-1.,0.,4.2700885562506E-17));
#3398=DIRECTION('center_axis',(4.2700885562506E-17,0.,1.));
#3399=DIRECTION('ref_axis',(-1.,0.,4.2700885562506E-17));
#3400=DIRECTION('',(4.2700885562506E-17,0.,1.));
#3401=DIRECTION('center_axis',(0.,0.,-1.));
#3402=DIRECTION('ref_axis',(-1.,0.,4.2700885562506E-17));
#3403=DIRECTION('center_axis',(0.,1.,0.));
#3404=DIRECTION('ref_axis',(1.,0.,0.));
#3405=DIRECTION('',(-1.,0.,0.));
#3406=DIRECTION('',(0.,0.,-1.));
#3407=DIRECTION('',(1.,0.,-4.2700885562506E-17));
#3408=DIRECTION('',(0.,0.,1.));
#3409=DIRECTION('center_axis',(-1.,0.,-1.77635683940027E-14));
#3410=DIRECTION('ref_axis',(1.77635683940027E-14,0.,-1.));
#3411=DIRECTION('',(0.,1.,0.));
#3412=DIRECTION('',(0.,-1.,0.));
#3413=DIRECTION('',(0.,-1.,0.));
#3414=DIRECTION('center_axis',(0.,-1.,0.));
#3415=DIRECTION('ref_axis',(0.,0.,-1.));
#3416=DIRECTION('',(-1.77635683940049E-14,0.,1.));
#3417=DIRECTION('',(-1.,0.,4.2700885562506E-17));
#3418=DIRECTION('center_axis',(0.,1.,0.));
#3419=DIRECTION('ref_axis',(-1.50538715203411E-15,0.,-1.));
#3420=DIRECTION('',(3.70074341541719E-16,0.,1.));
#3421=DIRECTION('',(-1.,0.,-3.56026739006193E-14));
#3422=DIRECTION('center_axis',(0.,0.,1.));
#3423=DIRECTION('ref_axis',(1.,0.,0.));
#3424=DIRECTION('',(0.,1.,0.));
#3425=DIRECTION('',(0.,1.,0.));
#3426=DIRECTION('',(-1.,0.,0.));
#3427=DIRECTION('',(0.,1.,0.));
#3428=DIRECTION('',(1.,0.,0.));
#3429=DIRECTION('',(0.,1.,0.));
#3430=DIRECTION('',(-1.,0.,0.));
#3431=DIRECTION('',(0.,1.,0.));
#3432=DIRECTION('center_axis',(-4.2700885562506E-17,0.,-1.));
#3433=DIRECTION('ref_axis',(-1.,0.,4.2700885562506E-17));
#3434=DIRECTION('',(0.,1.,0.));
#3435=DIRECTION('',(-1.,0.,4.2700885562506E-17));
#3436=DIRECTION('',(0.,1.,0.));
#3437=DIRECTION('',(0.,-1.,0.));
#3438=DIRECTION('center_axis',(1.,0.,1.77635683940049E-14));
#3439=DIRECTION('ref_axis',(-1.77635683940049E-14,0.,1.));
#3440=DIRECTION('',(0.,-1.,0.));
#3441=DIRECTION('center_axis',(0.,1.,0.));
#3442=DIRECTION('ref_axis',(1.,0.,0.));
#3443=DIRECTION('',(0.,0.,-1.));
#3444=DIRECTION('center_axis',(0.,1.,0.));
#3445=DIRECTION('ref_axis',(-2.25808072805117E-15,0.,1.));
#3446=DIRECTION('',(1.,0.,-4.2700885562506E-17));
#3447=DIRECTION('center_axis',(0.,1.,0.));
#3448=DIRECTION('ref_axis',(-1.,0.,0.));
#3449=DIRECTION('',(3.70074341541719E-16,0.,1.));
#3450=DIRECTION('center_axis',(0.,1.,0.));
#3451=DIRECTION('ref_axis',(-1.50538715203411E-15,0.,-1.));
#3452=DIRECTION('center_axis',(0.,1.,0.));
#3453=DIRECTION('ref_axis',(1.,0.,7.52693576017054E-16));
#3454=DIRECTION('center_axis',(0.,-1.,0.));
#3455=DIRECTION('ref_axis',(-1.,0.,0.));
#3456=DIRECTION('',(-1.,0.,1.64475892275154E-16));
#3457=DIRECTION('center_axis',(0.,-1.,0.));
#3458=DIRECTION('ref_axis',(0.,0.,1.));
#3459=DIRECTION('',(-2.78110867663994E-12,0.,1.));
#3460=DIRECTION('center_axis',(0.,-1.,0.));
#3461=DIRECTION('ref_axis',(1.,0.,2.78110867671664E-12));
#3462=DIRECTION('center_axis',(0.,-1.,0.));
#3463=DIRECTION('ref_axis',(0.,0.,-1.));
#3464=DIRECTION('',(0.,0.,-1.));
#3465=DIRECTION('center_axis',(0.,-1.,0.));
#3466=DIRECTION('ref_axis',(-1.,0.,-3.55271367878767E-14));
#3467=DIRECTION('',(0.,0.,1.));
#3468=DIRECTION('center_axis',(0.,-1.,0.));
#3469=DIRECTION('ref_axis',(1.,0.,3.52495810318487E-14));
#3470=DIRECTION('',(0.,0.,-1.));
#3471=DIRECTION('center_axis',(0.,-1.,0.));
#3472=DIRECTION('ref_axis',(-1.,0.,0.));
#3473=DIRECTION('',(0.,0.,1.));
#3474=DIRECTION('center_axis',(0.,-1.,0.));
#3475=DIRECTION('ref_axis',(1.,0.,0.));
#3476=DIRECTION('',(0.,0.,-1.));
#3477=DIRECTION('center_axis',(0.,1.,0.));
#3478=DIRECTION('ref_axis',(-2.25808072805117E-15,0.,1.));
#3479=DIRECTION('center_axis',(0.,-1.,0.));
#3480=DIRECTION('ref_axis',(-2.25808072805117E-15,0.,1.));
#3481=DIRECTION('',(0.,1.,0.));
#3482=DIRECTION('',(0.,1.,0.));
#3483=DIRECTION('center_axis',(-1.,0.,3.70074341541719E-16));
#3484=DIRECTION('ref_axis',(3.70074341541719E-16,0.,1.));
#3485=DIRECTION('',(0.,1.,0.));
#3486=DIRECTION('',(0.,1.,0.));
#3487=DIRECTION('',(-3.70074341541719E-16,0.,-1.));
#3488=DIRECTION('',(0.,1.,0.));
#3489=DIRECTION('center_axis',(-3.56026739006193E-14,0.,1.));
#3490=DIRECTION('ref_axis',(1.,0.,3.56026739006193E-14));
#3491=DIRECTION('',(1.,0.,3.56026739006193E-14));
#3492=DIRECTION('',(0.,1.,0.));
#3493=DIRECTION('center_axis',(0.,1.,0.));
#3494=DIRECTION('ref_axis',(1.,0.,0.));
#3495=DIRECTION('center_axis',(0.,1.,0.));
#3496=DIRECTION('ref_axis',(1.,0.,0.));
#3497=DIRECTION('center_axis',(0.,-1.,0.));
#3498=DIRECTION('ref_axis',(1.,0.,2.78110867671664E-12));
#3499=DIRECTION('',(-2.78110867663994E-12,0.,1.));
#3500=DIRECTION('center_axis',(0.,-1.,0.));
#3501=DIRECTION('ref_axis',(0.,0.,1.));
#3502=DIRECTION('',(-1.,0.,1.64475892275154E-16));
#3503=DIRECTION('center_axis',(0.,-1.,0.));
#3504=DIRECTION('ref_axis',(-1.,0.,0.));
#3505=DIRECTION('',(0.,0.,-1.));
#3506=DIRECTION('center_axis',(0.,-1.,0.));
#3507=DIRECTION('ref_axis',(0.,0.,-1.));
#3508=DIRECTION('center_axis',(0.,1.,0.));
#3509=DIRECTION('ref_axis',(1.,0.,0.));
#3510=DIRECTION('',(-3.59500788926241E-14,0.,1.));
#3511=DIRECTION('',(1.,0.,-8.22379461375726E-17));
#3512=DIRECTION('center_axis',(0.,-1.,0.));
#3513=DIRECTION('ref_axis',(-1.,0.,0.));
#3514=DIRECTION('',(0.,0.,-1.));
#3515=DIRECTION('center_axis',(0.,-1.,0.));
#3516=DIRECTION('ref_axis',(1.,0.,0.));
#3517=DIRECTION('',(0.,0.,1.));
#3518=DIRECTION('center_axis',(0.,-1.,0.));
#3519=DIRECTION('ref_axis',(-1.,0.,0.));
#3520=DIRECTION('',(1.,0.,-8.22379461375726E-17));
#3521=DIRECTION('center_axis',(0.,-1.,0.));
#3522=DIRECTION('ref_axis',(-1.,0.,-3.55271367878767E-14));
#3523=DIRECTION('',(0.,0.,-1.));
#3524=DIRECTION('center_axis',(0.,-1.,0.));
#3525=DIRECTION('ref_axis',(1.,0.,3.52495810318487E-14));
#3526=DIRECTION('',(0.,0.,1.));
#3527=DIRECTION('center_axis',(0.,-1.,0.));
#3528=DIRECTION('ref_axis',(-1.,0.,-3.55271367878767E-14));
#3529=DIRECTION('',(1.,0.,-8.22379461375726E-17));
#3530=DIRECTION('center_axis',(8.22379461375712E-17,0.,-1.));
#3531=DIRECTION('ref_axis',(-1.,0.,-8.22379461375712E-17));
#3532=DIRECTION('',(1.,0.,8.22379461375712E-17));
#3533=DIRECTION('',(0.,1.,0.));
#3534=DIRECTION('',(1.,0.,8.22379461375712E-17));
#3535=DIRECTION('center_axis',(0.,1.,0.));
#3536=DIRECTION('ref_axis',(0.,0.,1.));
#3537=DIRECTION('',(-4.23679760973318E-13,0.,1.));
#3538=DIRECTION('center_axis',(0.,-1.,0.));
#3539=DIRECTION('ref_axis',(-1.,0.,0.));
#3540=DIRECTION('',(-1.,0.,4.2700885562506E-17));
#3541=DIRECTION('',(0.,0.,1.));
#3542=DIRECTION('',(1.,0.,-1.69941164203433E-16));
#3543=DIRECTION('center_axis',(0.,1.,0.));
#3544=DIRECTION('ref_axis',(-1.,0.,0.));
#3545=DIRECTION('',(0.,1.,0.));
#3546=DIRECTION('center_axis',(0.,1.,0.));
#3547=DIRECTION('ref_axis',(1.,0.,0.));
#3548=DIRECTION('',(-1.,0.,8.22379461375726E-17));
#3549=DIRECTION('',(-4.23679760973318E-13,0.,1.));
#3550=DIRECTION('center_axis',(-8.22379461375726E-17,0.,-1.));
#3551=DIRECTION('ref_axis',(-1.,0.,8.22379461375726E-17));
#3552=DIRECTION('',(0.,1.,0.));
#3553=DIRECTION('center_axis',(0.,1.,0.));
#3554=DIRECTION('ref_axis',(-1.,0.,-3.55271367878767E-14));
#3555=DIRECTION('',(0.,1.,0.));
#3556=DIRECTION('',(0.,1.,0.));
#3557=DIRECTION('center_axis',(1.69941164203433E-16,0.,1.));
#3558=DIRECTION('ref_axis',(1.,0.,-1.69941164203433E-16));
#3559=DIRECTION('',(0.,1.,0.));
#3560=DIRECTION('center_axis',(0.,1.,0.));
#3561=DIRECTION('ref_axis',(1.,0.,0.));
#3562=DIRECTION('center_axis',(0.,1.,0.));
#3563=DIRECTION('ref_axis',(-0.806179585599305,0.,-0.59167091846983));
#3564=DIRECTION('',(0.,1.,0.));
#3565=DIRECTION('center_axis',(1.,0.,3.59500788926241E-14));
#3566=DIRECTION('ref_axis',(3.59500788926241E-14,0.,-1.));
#3567=DIRECTION('center_axis',(1.,0.,0.));
#3568=DIRECTION('ref_axis',(0.,0.,-1.));
#3569=DIRECTION('',(0.,1.,0.));
#3570=DIRECTION('',(0.,1.,0.));
#3571=DIRECTION('center_axis',(0.,1.,0.));
#3572=DIRECTION('ref_axis',(-1.,0.,0.));
#3573=DIRECTION('',(0.,1.,0.));
#3574=DIRECTION('center_axis',(-1.,0.,0.));
#3575=DIRECTION('ref_axis',(0.,0.,1.));
#3576=DIRECTION('',(0.,1.,0.));
#3577=DIRECTION('center_axis',(0.,1.,0.));
#3578=DIRECTION('ref_axis',(1.,0.,0.));
#3579=DIRECTION('center_axis',(-1.64475892275154E-16,0.,-1.));
#3580=DIRECTION('ref_axis',(-1.,0.,1.64475892275154E-16));
#3581=DIRECTION('',(0.,1.,0.));
#3582=DIRECTION('',(0.,1.,0.));
#3583=DIRECTION('center_axis',(0.,1.,0.));
#3584=DIRECTION('ref_axis',(0.,0.,1.));
#3585=DIRECTION('',(0.,1.,0.));
#3586=DIRECTION('center_axis',(-1.,0.,-2.78110867663994E-12));
#3587=DIRECTION('ref_axis',(-2.78110867663994E-12,0.,1.));
#3588=DIRECTION('',(0.,1.,0.));
#3589=DIRECTION('center_axis',(0.,1.,0.));
#3590=DIRECTION('ref_axis',(1.,0.,2.78110867671664E-12));
#3591=DIRECTION('center_axis',(0.,1.,0.));
#3592=DIRECTION('ref_axis',(0.,0.,-1.));
#3593=DIRECTION('',(0.,1.,0.));
#3594=DIRECTION('center_axis',(1.,0.,0.));
#3595=DIRECTION('ref_axis',(0.,0.,-1.));
#3596=DIRECTION('',(0.,1.,0.));
#3597=DIRECTION('center_axis',(0.,1.,0.));
#3598=DIRECTION('ref_axis',(-1.,0.,0.));
#3599=DIRECTION('center_axis',(1.,0.,0.));
#3600=DIRECTION('ref_axis',(0.,0.,-1.));
#3601=DIRECTION('',(0.,1.,0.));
#3602=DIRECTION('center_axis',(-1.,0.,0.));
#3603=DIRECTION('ref_axis',(0.,0.,1.));
#3604=DIRECTION('',(0.,1.,0.));
#3605=DIRECTION('center_axis',(0.,1.,0.));
#3606=DIRECTION('ref_axis',(1.,0.,3.52495810318487E-14));
#3607=DIRECTION('center_axis',(0.,1.,0.));
#3608=DIRECTION('ref_axis',(1.,0.,7.52693576017054E-16));
#3609=DIRECTION('',(0.,1.,0.));
#3610=DIRECTION('center_axis',(1.,0.,0.));
#3611=DIRECTION('ref_axis',(0.,0.,-1.));
#3612=DIRECTION('center_axis',(4.2700885562506E-17,0.,1.));
#3613=DIRECTION('ref_axis',(1.,0.,-4.2700885562506E-17));
#3614=DIRECTION('center_axis',(0.,1.,0.));
#3615=DIRECTION('ref_axis',(-1.50538715203411E-15,0.,-1.));
#3616=DIRECTION('',(1.77493703674728E-30,1.38777878078145E-17,1.));
#3617=DIRECTION('',(1.,-3.15544362088405E-30,1.57772181044202E-30));
#3618=DIRECTION('axis',(0.,0.,1.));
#3619=DIRECTION('refdir',(1.,0.,0.));
#3620=DIRECTION('center_axis',(0.,1.,0.));
#3621=DIRECTION('ref_axis',(1.,0.,0.));
#3622=DIRECTION('center_axis',(0.,1.,0.));
#3623=DIRECTION('ref_axis',(0.,0.,-1.));
#3624=DIRECTION('',(1.,0.,-4.2700885562506E-17));
#3625=DIRECTION('center_axis',(0.,1.,0.));
#3626=DIRECTION('ref_axis',(1.,0.,1.46081976924363E-16));
#3627=DIRECTION('',(0.,0.,1.));
#3628=DIRECTION('center_axis',(0.,1.,0.));
#3629=DIRECTION('ref_axis',(-5.84327907697451E-16,0.,1.));
#3630=DIRECTION('',(-1.,0.,4.2700885562506E-17));
#3631=DIRECTION('center_axis',(0.,1.,0.));
#3632=DIRECTION('ref_axis',(-1.,0.,0.));
#3633=DIRECTION('',(-7.40148683083438E-16,0.,-1.));
#3634=DIRECTION('center_axis',(0.,-1.,0.));
#3635=DIRECTION('ref_axis',(1.,0.,1.85037170770859E-16));
#3636=DIRECTION('',(1.,0.,0.));
#3637=DIRECTION('center_axis',(0.,-1.,0.));
#3638=DIRECTION('ref_axis',(0.,0.,-1.));
#3639=DIRECTION('',(0.,0.,-1.));
#3640=DIRECTION('center_axis',(0.,-1.,0.));
#3641=DIRECTION('ref_axis',(-1.,0.,0.));
#3642=DIRECTION('',(-1.,0.,4.2700885562506E-17));
#3643=DIRECTION('center_axis',(0.,-1.,0.));
#3644=DIRECTION('ref_axis',(-7.40148683083437E-16,0.,1.));
#3645=DIRECTION('',(0.,0.,1.));
#3646=DIRECTION('center_axis',(4.2700885562506E-17,0.,1.));
#3647=DIRECTION('ref_axis',(1.,0.,-4.2700885562506E-17));
#3648=DIRECTION('',(1.,0.,-4.2700885562506E-17));
#3649=DIRECTION('',(0.,1.,0.));
#3650=DIRECTION('',(0.,1.,0.));
#3651=DIRECTION('center_axis',(0.,1.,0.));
#3652=DIRECTION('ref_axis',(-5.84327907697451E-16,0.,1.));
#3653=DIRECTION('center_axis',(0.,1.,0.));
#3654=DIRECTION('ref_axis',(-5.84327907697451E-16,0.,1.));
#3655=DIRECTION('',(0.,1.,0.));
#3656=DIRECTION('center_axis',(1.,0.,0.));
#3657=DIRECTION('ref_axis',(0.,0.,-1.));
#3658=DIRECTION('',(0.,0.,-1.));
#3659=DIRECTION('',(0.,1.,0.));
#3660=DIRECTION('center_axis',(0.,1.,0.));
#3661=DIRECTION('ref_axis',(1.,0.,1.46081976924363E-16));
#3662=DIRECTION('center_axis',(0.,1.,0.));
#3663=DIRECTION('ref_axis',(1.,0.,1.46081976924363E-16));
#3664=DIRECTION('',(0.,1.,0.));
#3665=DIRECTION('center_axis',(-4.2700885562506E-17,0.,-1.));
#3666=DIRECTION('ref_axis',(-1.,0.,4.2700885562506E-17));
#3667=DIRECTION('',(-1.,0.,4.2700885562506E-17));
#3668=DIRECTION('',(0.,1.,0.));
#3669=DIRECTION('',(0.,1.,0.));
#3670=DIRECTION('center_axis',(0.,1.,0.));
#3671=DIRECTION('ref_axis',(-1.,0.,0.));
#3672=DIRECTION('center_axis',(0.,-1.,0.));
#3673=DIRECTION('ref_axis',(-1.,0.,0.));
#3674=DIRECTION('',(0.,1.,0.));
#3675=DIRECTION('center_axis',(1.,0.,0.));
#3676=DIRECTION('ref_axis',(0.,0.,-1.));
#3677=DIRECTION('',(0.,0.,-1.));
#3678=DIRECTION('',(0.,1.,0.));
#3679=DIRECTION('center_axis',(0.,1.,0.));
#3680=DIRECTION('ref_axis',(0.,0.,-1.));
#3681=DIRECTION('center_axis',(0.,-1.,0.));
#3682=DIRECTION('ref_axis',(0.,0.,-1.));
#3683=DIRECTION('',(0.,1.,0.));
#3684=DIRECTION('center_axis',(-4.2700885562506E-17,0.,-1.));
#3685=DIRECTION('ref_axis',(-1.,0.,4.2700885562506E-17));
#3686=DIRECTION('',(-1.,0.,4.2700885562506E-17));
#3687=DIRECTION('',(0.,1.,0.));
#3688=DIRECTION('center_axis',(0.,1.,0.));
#3689=DIRECTION('ref_axis',(0.,0.,-1.));
#3690=DIRECTION('center_axis',(0.,1.,0.));
#3691=DIRECTION('ref_axis',(0.,0.,-1.));
#3692=DIRECTION('',(0.,1.,0.));
#3693=DIRECTION('center_axis',(-1.,0.,7.40148683083438E-16));
#3694=DIRECTION('ref_axis',(7.40148683083438E-16,0.,1.));
#3695=DIRECTION('',(7.40148683083438E-16,0.,1.));
#3696=DIRECTION('',(0.,1.,0.));
#3697=DIRECTION('center_axis',(0.,1.,0.));
#3698=DIRECTION('ref_axis',(-1.,0.,0.));
#3699=DIRECTION('center_axis',(0.,1.,0.));
#3700=DIRECTION('ref_axis',(-1.,0.,0.));
#3701=DIRECTION('center_axis',(0.,0.,1.));
#3702=DIRECTION('ref_axis',(1.,0.,0.));
#3703=DIRECTION('',(1.,0.,0.));
#3704=DIRECTION('',(0.,1.,0.));
#3705=DIRECTION('center_axis',(0.,1.,0.));
#3706=DIRECTION('ref_axis',(1.,0.,1.85037170770859E-16));
#3707=DIRECTION('center_axis',(0.,-1.,0.));
#3708=DIRECTION('ref_axis',(1.,0.,1.85037170770859E-16));
#3709=DIRECTION('',(0.,1.,0.));
#3710=DIRECTION('center_axis',(-1.,0.,0.));
#3711=DIRECTION('ref_axis',(0.,0.,1.));
#3712=DIRECTION('',(0.,0.,1.));
#3713=DIRECTION('',(0.,1.,0.));
#3714=DIRECTION('center_axis',(0.,1.,0.));
#3715=DIRECTION('ref_axis',(-7.40148683083437E-16,0.,1.));
#3716=DIRECTION('center_axis',(0.,-1.,0.));
#3717=DIRECTION('ref_axis',(-7.40148683083437E-16,0.,1.));
#3718=DIRECTION('center_axis',(0.,1.,0.));
#3719=DIRECTION('ref_axis',(0.,0.,1.));
#3720=DIRECTION('center_axis',(0.,-1.,0.));
#3721=DIRECTION('ref_axis',(-1.,0.,0.));
#3722=DIRECTION('center_axis',(0.,-1.,0.));
#3723=DIRECTION('ref_axis',(-1.,0.,0.));
#3724=DIRECTION('',(0.,-1.,0.));
#3725=DIRECTION('center_axis',(0.,1.,0.));
#3726=DIRECTION('ref_axis',(-1.,0.,0.));
#3727=DIRECTION('center_axis',(0.,-1.,0.));
#3728=DIRECTION('ref_axis',(-1.,0.,0.));
#3729=DIRECTION('center_axis',(0.,-1.,0.));
#3730=DIRECTION('ref_axis',(-1.,0.,0.));
#3731=DIRECTION('',(0.,-1.,0.));
#3732=DIRECTION('center_axis',(0.,1.,0.));
#3733=DIRECTION('ref_axis',(-1.,0.,0.));
#3734=DIRECTION('center_axis',(0.,-1.,0.));
#3735=DIRECTION('ref_axis',(-1.,0.,0.));
#3736=DIRECTION('center_axis',(0.,-1.,0.));
#3737=DIRECTION('ref_axis',(-1.,0.,0.));
#3738=DIRECTION('',(0.,-1.,0.));
#3739=DIRECTION('center_axis',(0.,1.,0.));
#3740=DIRECTION('ref_axis',(-1.,0.,0.));
#3741=DIRECTION('center_axis',(0.,-1.,0.));
#3742=DIRECTION('ref_axis',(-1.,0.,0.));
#3743=DIRECTION('center_axis',(0.,-1.,0.));
#3744=DIRECTION('ref_axis',(-1.,0.,0.));
#3745=DIRECTION('',(0.,-1.,0.));
#3746=DIRECTION('center_axis',(0.,1.,0.));
#3747=DIRECTION('ref_axis',(-1.,0.,0.));
#3748=DIRECTION('center_axis',(0.,-1.,0.));
#3749=DIRECTION('ref_axis',(-1.,0.,0.));
#3750=DIRECTION('center_axis',(0.,-1.,0.));
#3751=DIRECTION('ref_axis',(-1.,0.,0.));
#3752=DIRECTION('',(0.,-1.,0.));
#3753=DIRECTION('center_axis',(0.,1.,0.));
#3754=DIRECTION('ref_axis',(-1.,0.,0.));
#3755=DIRECTION('center_axis',(0.,1.,0.));
#3756=DIRECTION('ref_axis',(0.,0.,1.));
#3757=DIRECTION('',(-1.,0.,4.2700885562506E-17));
#3758=DIRECTION('center_axis',(0.,1.,0.));
#3759=DIRECTION('ref_axis',(1.,0.,1.46081976924363E-16));
#3760=DIRECTION('',(0.,0.,-1.));
#3761=DIRECTION('center_axis',(0.,1.,0.));
#3762=DIRECTION('ref_axis',(-5.84327907697451E-16,0.,1.));
#3763=DIRECTION('',(1.,0.,-4.2700885562506E-17));
#3764=DIRECTION('center_axis',(0.,1.,0.));
#3765=DIRECTION('ref_axis',(-1.,0.,0.));
#3766=DIRECTION('',(7.40148683083438E-16,0.,1.));
#3767=DIRECTION('center_axis',(0.,1.,0.));
#3768=DIRECTION('ref_axis',(0.,0.,-1.));
#3769=DIRECTION('',(1.,0.,0.));
#3770=DIRECTION('center_axis',(0.,-1.,0.));
#3771=DIRECTION('ref_axis',(0.,0.,-1.));
#3772=DIRECTION('',(0.,0.,-1.));
#3773=DIRECTION('center_axis',(0.,-1.,0.));
#3774=DIRECTION('ref_axis',(-1.,0.,0.));
#3775=DIRECTION('',(-1.,0.,4.2700885562506E-17));
#3776=DIRECTION('center_axis',(0.,-1.,0.));
#3777=DIRECTION('ref_axis',(-7.40148683083437E-16,0.,1.));
#3778=DIRECTION('',(0.,0.,1.));
#3779=DIRECTION('center_axis',(0.,-1.,0.));
#3780=DIRECTION('ref_axis',(1.,0.,1.85037170770859E-16));
#3781=DIRECTION('center_axis',(-4.2700885562506E-17,0.,-1.));
#3782=DIRECTION('ref_axis',(-1.,0.,4.2700885562506E-17));
#3783=DIRECTION('',(0.,1.,0.));
#3784=DIRECTION('',(-1.,0.,4.2700885562506E-17));
#3785=DIRECTION('',(0.,1.,0.));
#3786=DIRECTION('center_axis',(0.,1.,0.));
#3787=DIRECTION('ref_axis',(-1.,0.,0.));
#3788=DIRECTION('',(0.,1.,0.));
#3789=DIRECTION('center_axis',(0.,-1.,0.));
#3790=DIRECTION('ref_axis',(-1.,0.,0.));
#3791=DIRECTION('center_axis',(1.,0.,0.));
#3792=DIRECTION('ref_axis',(0.,0.,-1.));
#3793=DIRECTION('',(0.,1.,0.));
#3794=DIRECTION('',(0.,0.,-1.));
#3795=DIRECTION('center_axis',(0.,1.,0.));
#3796=DIRECTION('ref_axis',(0.,0.,-1.));
#3797=DIRECTION('',(0.,1.,0.));
#3798=DIRECTION('center_axis',(0.,-1.,0.));
#3799=DIRECTION('ref_axis',(0.,0.,-1.));
#3800=DIRECTION('center_axis',(4.2700885562506E-17,0.,1.));
#3801=DIRECTION('ref_axis',(1.,0.,-4.2700885562506E-17));
#3802=DIRECTION('',(0.,1.,0.));
#3803=DIRECTION('',(1.,0.,-4.2700885562506E-17));
#3804=DIRECTION('',(0.,1.,0.));
#3805=DIRECTION('center_axis',(0.,1.,0.));
#3806=DIRECTION('ref_axis',(-5.84327907697451E-16,0.,1.));
#3807=DIRECTION('',(0.,1.,0.));
#3808=DIRECTION('center_axis',(0.,1.,0.));
#3809=DIRECTION('ref_axis',(-5.84327907697451E-16,0.,1.));
#3810=DIRECTION('center_axis',(1.,0.,0.));
#3811=DIRECTION('ref_axis',(0.,0.,-1.));
#3812=DIRECTION('',(0.,1.,0.));
#3813=DIRECTION('',(0.,0.,-1.));
#3814=DIRECTION('center_axis',(0.,1.,0.));
#3815=DIRECTION('ref_axis',(1.,0.,1.46081976924363E-16));
#3816=DIRECTION('',(0.,1.,0.));
#3817=DIRECTION('center_axis',(0.,1.,0.));
#3818=DIRECTION('ref_axis',(1.,0.,1.46081976924363E-16));
#3819=DIRECTION('center_axis',(0.,1.,0.));
#3820=DIRECTION('ref_axis',(0.,0.,1.));
#3821=DIRECTION('center_axis',(0.,-1.,0.));
#3822=DIRECTION('ref_axis',(0.,0.,1.));
#3823=DIRECTION('',(-8.65956056235493E-17,-0.707106781186548,0.707106781186548));
#3824=DIRECTION('center_axis',(0.,1.,0.));
#3825=DIRECTION('ref_axis',(0.,0.,1.));
#3826=DIRECTION('center_axis',(0.,1.,0.));
#3827=DIRECTION('ref_axis',(0.,0.,1.));
#3828=DIRECTION('center_axis',(0.,-1.,0.));
#3829=DIRECTION('ref_axis',(0.,0.,1.));
#3830=DIRECTION('',(-8.65956056235493E-17,-0.707106781186548,0.707106781186548));
#3831=DIRECTION('center_axis',(0.,1.,0.));
#3832=DIRECTION('ref_axis',(0.,0.,1.));
#3833=DIRECTION('center_axis',(0.,1.,0.));
#3834=DIRECTION('ref_axis',(0.,0.,1.));
#3835=DIRECTION('',(1.,0.,0.));
#3836=DIRECTION('center_axis',(0.,-1.,0.));
#3837=DIRECTION('ref_axis',(1.,0.,1.85037170770859E-16));
#3838=DIRECTION('',(0.,0.,1.));
#3839=DIRECTION('center_axis',(0.,-1.,0.));
#3840=DIRECTION('ref_axis',(-7.40148683083437E-16,0.,1.));
#3841=DIRECTION('center_axis',(0.,1.,0.));
#3842=DIRECTION('ref_axis',(0.,0.,1.));
#3843=DIRECTION('',(-1.,0.,4.2700885562506E-17));
#3844=DIRECTION('center_axis',(0.,1.,0.));
#3845=DIRECTION('ref_axis',(0.,0.,-1.));
#3846=DIRECTION('',(7.40148683083438E-16,0.,1.));
#3847=DIRECTION('center_axis',(0.,1.,0.));
#3848=DIRECTION('ref_axis',(-1.,0.,0.));
#3849=DIRECTION('center_axis',(0.,0.,1.));
#3850=DIRECTION('ref_axis',(1.,0.,0.));
#3851=DIRECTION('',(0.,1.,0.));
#3852=DIRECTION('center_axis',(0.,1.,0.));
#3853=DIRECTION('ref_axis',(-7.40148683083437E-16,0.,1.));
#3854=DIRECTION('',(0.,1.,0.));
#3855=DIRECTION('center_axis',(-1.,0.,0.));
#3856=DIRECTION('ref_axis',(0.,0.,1.));
#3857=DIRECTION('',(0.,1.,0.));
#3858=DIRECTION('center_axis',(0.,1.,0.));
#3859=DIRECTION('ref_axis',(1.,0.,1.85037170770859E-16));
#3860=DIRECTION('center_axis',(-4.2700885562506E-17,0.,-1.));
#3861=DIRECTION('ref_axis',(-1.,0.,4.2700885562506E-17));
#3862=DIRECTION('',(0.,1.,0.));
#3863=DIRECTION('center_axis',(0.,1.,0.));
#3864=DIRECTION('ref_axis',(-1.,0.,0.));
#3865=DIRECTION('',(0.,1.,0.));
#3866=DIRECTION('center_axis',(-1.,0.,7.40148683083438E-16));
#3867=DIRECTION('ref_axis',(7.40148683083438E-16,0.,1.));
#3868=DIRECTION('',(0.,1.,0.));
#3869=DIRECTION('center_axis',(0.,1.,0.));
#3870=DIRECTION('ref_axis',(0.,0.,-1.));
#3871=DIRECTION('',(0.,0.,1.));
#3872=DIRECTION('',(1.,0.,0.));
#3873=DIRECTION('',(0.,0.,1.));
#3874=DIRECTION('',(1.,0.,0.));
#3875=CARTESIAN_POINT('',(0.,0.,0.));
#3876=CARTESIAN_POINT('',(0.,0.,0.));
#3877=CARTESIAN_POINT('',(0.,0.,0.));
#3878=CARTESIAN_POINT('Origin',(0.000177800355653017,3.35,0.249999999999024));
#3879=CARTESIAN_POINT('',(2.00017780035565,3.35,-9.75886038645513E-13));
#3880=CARTESIAN_POINT('Origin',(0.000177800355653017,3.35,-9.75886038645513E-13));
#3881=CARTESIAN_POINT('',(1.50017780035565,3.35,0.499999999999024));
#3882=CARTESIAN_POINT('',(1.75017780035565,3.35,0.249999999999024));
#3883=CARTESIAN_POINT('Origin',(0.000177800355653017,3.35,0.499999999999024));
#3884=CARTESIAN_POINT('Origin',(0.000177800355653068,3.35,1.69999999999897));
#3885=CARTESIAN_POINT('',(1.50017780035565,3.35,7.24999999999897));
#3886=CARTESIAN_POINT('',(1.50017780035565,3.35,1.69999999999897));
#3887=CARTESIAN_POINT('Origin',(0.000177800355653305,3.35,7.24999999999897));
#3888=CARTESIAN_POINT('Origin',(0.000177800355653685,3.175,-9.75886038645513E-13));
#3889=CARTESIAN_POINT('',(3.00017780035565,3.35,-9.75886038645513E-13));
#3890=CARTESIAN_POINT('',(3.00017780035565,-1.03076281270065E-45,-9.75886038645513E-13));
#3891=CARTESIAN_POINT('',(3.00017780035565,3.2625,-9.75886038645513E-13));
#3892=CARTESIAN_POINT('',(-2.99982219964435,-1.03076281270059E-45,-9.75886038645513E-13));
#3893=CARTESIAN_POINT('',(1.50017780035565,2.80810902925144E-46,-9.75886038645513E-13));
#3894=CARTESIAN_POINT('',(-2.99982219964435,3.35,-9.75886038645513E-13));
#3895=CARTESIAN_POINT('',(-2.99982219964435,1.5875,-9.75886038645513E-13));
#3896=CARTESIAN_POINT('Origin',(0.000177800355652823,3.35,-9.75886038645513E-13));
#3897=CARTESIAN_POINT('Origin',(-2.99982219964435,-1.0061396160665E-16,
7.24999999999897));
#3898=CARTESIAN_POINT('',(-2.99982219964435,3.35,5.24999999999976));
#3899=CARTESIAN_POINT('',(-2.99982219964435,3.35,1.));
#3900=CARTESIAN_POINT('',(-2.99982219964435,3.35,7.64999999999976));
#3901=CARTESIAN_POINT('',(-2.99982219964435,6.85000000000001,1.));
#3902=CARTESIAN_POINT('',(-2.99982219964435,-1.38777878078239E-17,1.));
#3903=CARTESIAN_POINT('',(-2.99982219964435,6.85000000000001,5.24999999999976));
#3904=CARTESIAN_POINT('',(-2.99982219964435,6.85000000000001,5.68749999999923));
#3905=CARTESIAN_POINT('',(-2.99982219964435,-5.0306980803325E-17,5.24999999999976));
#3906=CARTESIAN_POINT('Origin',(9.54791801177634E-14,6.85000000000001,4.12499999999948));
#3907=CARTESIAN_POINT('',(-12.9750000000005,6.85000000000001,5.24999999999899));
#3908=CARTESIAN_POINT('',(9.85354960018758E-14,6.85000000000001,5.25));
#3909=CARTESIAN_POINT('',(-4.94999999999895,6.85000000000001,1.));
#3910=CARTESIAN_POINT('',(-1.49991109982213,6.85000000000001,1.));
#3911=CARTESIAN_POINT('',(-4.94999999999907,6.85000000000001,1.8));
#3912=CARTESIAN_POINT('',(-4.94999999999924,6.85000000000001,2.96249999999938));
#3913=CARTESIAN_POINT('',(-7.64999999999907,6.85000000000001,4.49999999999999));
#3914=CARTESIAN_POINT('Origin',(-7.64999999999907,6.85000000000001,1.8));
#3915=CARTESIAN_POINT('',(-12.9750000000005,6.85000000000001,4.5));
#3916=CARTESIAN_POINT('',(-6.4875000000002,6.85000000000001,4.49999999999999));
#3917=CARTESIAN_POINT('',(-13.3001307397418,6.85000000000001,4.68814443525791));
#3918=CARTESIAN_POINT('Origin',(-12.9750000000005,6.85000000000001,4.8749999999995));
#3919=CARTESIAN_POINT('',(-13.3001307397418,6.85000000000001,5.06185556474106));
#3920=CARTESIAN_POINT('',(-13.3001307397417,6.85000000000001,3.1124999999995));
#3921=CARTESIAN_POINT('Origin',(-12.9750000000005,6.85000000000001,4.8749999999995));
#3922=CARTESIAN_POINT('Origin',(1.91231645903112E-13,0.,5.25));
#3923=CARTESIAN_POINT('',(-12.9750000000005,61.8,5.24999999999899));
#3924=CARTESIAN_POINT('',(-12.9750000000005,0.,5.24999999999899));
#3925=CARTESIAN_POINT('',(12.9750000000005,61.8,5.24999999999899));
#3926=CARTESIAN_POINT('',(-1.91231645903112E-13,61.8,5.25));
#3927=CARTESIAN_POINT('',(12.9750000000005,6.85000000000001,5.24999999999899));
#3928=CARTESIAN_POINT('',(12.9750000000005,0.,5.24999999999899));
#3929=CARTESIAN_POINT('',(3.00017780035565,6.85000000000001,5.25000000000024));
#3930=CARTESIAN_POINT('',(9.85354960018758E-14,6.85000000000001,5.25));
#3931=CARTESIAN_POINT('',(3.00017780035565,3.35,5.25000000000024));
#3932=CARTESIAN_POINT('',(3.00017780035565,-6.9388939039025E-18,5.25000000000024));
#3933=CARTESIAN_POINT('Origin',(0.000177800355653169,3.35,5.25));
#3934=CARTESIAN_POINT('Origin',(13.5001307397421,-28.15,7.24999999999897));
#3935=CARTESIAN_POINT('',(13.3001307397421,0.,7.24999999999897));
#3936=CARTESIAN_POINT('',(-13.3001307397419,0.,7.24999999999896));
#3937=CARTESIAN_POINT('',(2.81256536987109,0.,7.24999999999897));
#3938=CARTESIAN_POINT('',(13.3001307397421,6.85000000000001,7.24999999999897));
#3939=CARTESIAN_POINT('',(13.3001307397421,-27.85,7.24999999999897));
#3940=CARTESIAN_POINT('',(-13.3001307397419,6.85000000000001,7.24999999999896));
#3941=CARTESIAN_POINT('',(6.75006536987053,6.85000000000001,7.24999999999897));
#3942=CARTESIAN_POINT('',(-13.3001307397419,-27.85,7.24999999999897));
#3943=CARTESIAN_POINT('Origin',(-4.94999999999895,0.,1.));
#3944=CARTESIAN_POINT('',(-8.15000000000104,0.,1.));
#3945=CARTESIAN_POINT('',(-8.15000000000104,61.8,1.));
#3946=CARTESIAN_POINT('',(-8.15000000000104,0.,1.));
#3947=CARTESIAN_POINT('',(-4.94999999999895,61.8,1.));
#3948=CARTESIAN_POINT('',(-8.15000000000104,61.8,1.));
#3949=CARTESIAN_POINT('',(-4.94999999999895,0.,1.));
#3950=CARTESIAN_POINT('',(-2.99982219964435,-1.38777878078239E-17,1.));
#3951=CARTESIAN_POINT('',(-2.99982219964435,5.43001830184256E-17,1.));
#3952=CARTESIAN_POINT('',(-8.15000000000104,-1.38777878078402E-17,1.));
#3953=CARTESIAN_POINT('Origin',(-9.25000000000105,0.,1.));
#3954=CARTESIAN_POINT('',(-9.25000000000105,0.,2.1));
#3955=CARTESIAN_POINT('',(-9.25000000000105,61.8,2.1));
#3956=CARTESIAN_POINT('',(-9.25000000000105,0.,2.1));
#3957=CARTESIAN_POINT('Origin',(-9.25000000000105,61.8,1.));
#3958=CARTESIAN_POINT('Origin',(-9.25000000000105,0.,1.));
#3959=CARTESIAN_POINT('Origin',(-9.25000000000105,0.,2.1));
#3960=CARTESIAN_POINT('',(-13.3001307397417,6.85000000000001,2.1));
#3961=CARTESIAN_POINT('',(-14.1499999999999,6.85000000000001,2.09999999999852));
#3962=CARTESIAN_POINT('',(-4.62500000000103,6.85000000000001,2.1));
#3963=CARTESIAN_POINT('',(-14.15,61.8,2.1));
#3964=CARTESIAN_POINT('',(-14.15,0.,2.1));
#3965=CARTESIAN_POINT('',(-13.5319135189399,61.8,2.1));
#3966=CARTESIAN_POINT('',(-13.3001307397417,0.,2.1));
#3967=CARTESIAN_POINT('',(-13.5319135189399,0.,2.1));
#3968=CARTESIAN_POINT('',(-13.3001307397417,-13.775,2.1));
#3969=CARTESIAN_POINT('Origin',(-12.9750000000005,0.,4.8749999999995));
#3970=CARTESIAN_POINT('Origin',(-12.9750000000005,6.85000000000001,4.8749999999995));
#3971=CARTESIAN_POINT('',(-12.9750000000005,61.8,4.5));
#3972=CARTESIAN_POINT('',(-12.9750000000005,0.,4.5));
#3973=CARTESIAN_POINT('Origin',(-12.9750000000005,61.8,4.8749999999995));
#3974=CARTESIAN_POINT('Origin',(3.00017780035565,-1.3877787807805E-17,1.));
#3975=CARTESIAN_POINT('',(3.00017780035565,3.35,1.));
#3976=CARTESIAN_POINT('',(3.00017780035565,3.35,7.65000000000024));
#3977=CARTESIAN_POINT('',(3.00017780035565,6.85000000000001,1.));
#3978=CARTESIAN_POINT('',(3.00017780035565,6.85000000000001,2.56249999999974));
#3979=CARTESIAN_POINT('',(3.00017780035565,-1.3877787807805E-17,1.));
#3980=CARTESIAN_POINT('Origin',(9.54791801177634E-14,6.85000000000001,4.12499999999948));
#3981=CARTESIAN_POINT('',(13.3001307397421,6.85000000000001,5.06185556474059));
#3982=CARTESIAN_POINT('Origin',(12.9750000000005,6.85000000000001,4.8749999999995));
#3983=CARTESIAN_POINT('',(13.3001307397421,6.85000000000001,4.6881444352584));
#3984=CARTESIAN_POINT('',(13.3001307397421,6.85000000000001,5.68749999999923));
#3985=CARTESIAN_POINT('',(12.9750000000005,6.85000000000001,4.5));
#3986=CARTESIAN_POINT('Origin',(12.9750000000005,6.85000000000001,4.8749999999995));
#3987=CARTESIAN_POINT('',(7.64999999999907,6.85000000000001,4.49999999999999));
#3988=CARTESIAN_POINT('',(6.4875000000003,6.85000000000001,4.49999999999999));
#3989=CARTESIAN_POINT('',(4.94999999999907,6.85000000000001,1.8));
#3990=CARTESIAN_POINT('Origin',(7.64999999999907,6.85000000000001,1.8));
#3991=CARTESIAN_POINT('',(4.94999999999895,6.85000000000001,1.));
#3992=CARTESIAN_POINT('',(4.94999999999924,6.85000000000001,2.96249999999938));
#3993=CARTESIAN_POINT('',(4.07500000000057,6.85000000000001,1.));
#3994=CARTESIAN_POINT('Origin',(3.00017780035565,3.35,7.65000000000024));
#3995=CARTESIAN_POINT('',(3.00017780035565,-1.3877787807805E-17,1.));
#3996=CARTESIAN_POINT('',(3.00017780035565,1.675,1.));
#3997=CARTESIAN_POINT('',(3.00017780035565,0.,7.65000000000024));
#3998=CARTESIAN_POINT('',(3.00017780035565,3.35,7.65000000000024));
#3999=CARTESIAN_POINT('Origin',(4.94999999999907,0.,1.8));
#4000=CARTESIAN_POINT('',(4.94999999999907,61.8,1.8));
#4001=CARTESIAN_POINT('',(4.94999999999907,0.,1.8));
#4002=CARTESIAN_POINT('',(4.94999999999895,61.8,1.));
#4003=CARTESIAN_POINT('',(4.94999999999895,61.8,1.));
#4004=CARTESIAN_POINT('',(4.94999999999895,0.,1.));
#4005=CARTESIAN_POINT('Origin',(7.64999999999907,0.,1.8));
#4006=CARTESIAN_POINT('',(7.64999999999907,61.8,4.49999999999999));
#4007=CARTESIAN_POINT('',(7.64999999999907,0.,4.49999999999999));
#4008=CARTESIAN_POINT('Origin',(7.64999999999907,61.8,1.8));
#4009=CARTESIAN_POINT('Origin',(12.9750000000005,0.,4.5));
#4010=CARTESIAN_POINT('',(12.9750000000005,61.8,4.5));
#4011=CARTESIAN_POINT('',(12.9750000000005,0.,4.5));
#4012=CARTESIAN_POINT('',(13.35,61.8,4.5));
#4013=CARTESIAN_POINT('Origin',(12.9750000000005,0.,4.8749999999995));
#4014=CARTESIAN_POINT('Origin',(12.9750000000005,61.8,4.8749999999995));
#4015=CARTESIAN_POINT('Origin',(12.9750000000005,6.85000000000001,4.8749999999995));
#4016=CARTESIAN_POINT('Origin',(-7.87499999999991,0.,4.325));
#4017=CARTESIAN_POINT('',(-2.99982219964435,0.,7.64999999999976));
#4018=CARTESIAN_POINT('',(8.15000000000104,0.,1.));
#4019=CARTESIAN_POINT('',(8.15000000000104,0.,1.));
#4020=CARTESIAN_POINT('',(9.25000000000105,0.,2.1));
#4021=CARTESIAN_POINT('Origin',(9.25000000000105,0.,1.));
#4022=CARTESIAN_POINT('',(13.3001307397421,0.,2.1));
#4023=CARTESIAN_POINT('',(13.5319135189399,0.,2.1));
#4024=CARTESIAN_POINT('',(13.3001307397421,0.,2.21249999925587));
#4025=CARTESIAN_POINT('',(-13.3001307397417,0.,3.21249999999918));
#4026=CARTESIAN_POINT('Origin',(-13.3001307397417,-27.55,2.09999999999855));
#4027=CARTESIAN_POINT('',(-13.3001307397418,6.85000000000001,4.87499999999852));
#4028=CARTESIAN_POINT('',(-13.3001307397418,6.85000000000001,4.87499999999852));
#4029=CARTESIAN_POINT('Origin',(-1.02140518265514E-12,6.85000000000001,
7.64999999999897));
#4030=CARTESIAN_POINT('',(13.3001307397421,6.85000000000001,2.1));
#4031=CARTESIAN_POINT('',(13.3001307397421,6.85000000000001,3.87499999925536));
#4032=CARTESIAN_POINT('',(14.15,6.85000000000001,2.09999999999902));
#4033=CARTESIAN_POINT('',(4.62500000000001,6.85000000000001,2.1));
#4034=CARTESIAN_POINT('',(15.75,6.85000000000001,3.7));
#4035=CARTESIAN_POINT('Origin',(14.15,6.85000000000001,3.7));
#4036=CARTESIAN_POINT('',(15.75,6.85000000000001,4.9));
#4037=CARTESIAN_POINT('',(15.75,6.85000000000001,5.67499999999948));
#4038=CARTESIAN_POINT('',(13.000000000001,6.85000000000001,7.64999999999897));
#4039=CARTESIAN_POINT('Origin',(13.000000000001,6.85000000000001,4.9));
#4040=CARTESIAN_POINT('',(-13.000000000001,6.85000000000001,7.64999999999897));
#4041=CARTESIAN_POINT('',(-6.50000000000103,6.85000000000001,7.64999999999948));
#4042=CARTESIAN_POINT('',(-15.75,6.85000000000001,4.9));
#4043=CARTESIAN_POINT('Origin',(-13.000000000001,6.85000000000001,4.9));
#4044=CARTESIAN_POINT('',(-15.75,6.85000000000001,3.7));
#4045=CARTESIAN_POINT('',(-15.75,6.85000000000001,5.67499999999948));
#4046=CARTESIAN_POINT('Origin',(-14.15,6.85000000000001,3.7));
#4047=CARTESIAN_POINT('',(13.3001307397421,6.85000000000001,3.87499999925536));
#4048=CARTESIAN_POINT('Origin',(13.3001307397421,-27.55,0.0999999985117417));
#4049=CARTESIAN_POINT('',(13.3001307397421,-13.775,2.1));
#4050=CARTESIAN_POINT('Origin',(-14.15,0.,3.7));
#4051=CARTESIAN_POINT('',(-15.75,61.8,3.7));
#4052=CARTESIAN_POINT('',(-15.75,0.,3.7));
#4053=CARTESIAN_POINT('Origin',(-14.15,61.8,3.7));
#4054=CARTESIAN_POINT('Origin',(-15.75,0.,3.7));
#4055=CARTESIAN_POINT('',(-15.75,61.8,4.9));
#4056=CARTESIAN_POINT('',(-15.75,0.,4.9));
#4057=CARTESIAN_POINT('',(-15.75,61.8,2.1));
#4058=CARTESIAN_POINT('Origin',(-13.000000000001,0.,4.9));
#4059=CARTESIAN_POINT('',(-13.000000000001,61.8,7.64999999999897));
#4060=CARTESIAN_POINT('',(-13.000000000001,0.,7.64999999999897));
#4061=CARTESIAN_POINT('Origin',(-13.000000000001,61.8,4.9));
#4062=CARTESIAN_POINT('Origin',(0.000177800355653327,3.35,7.65));
#4063=CARTESIAN_POINT('',(-2.99982219964435,3.35,7.64999999999976));
#4064=CARTESIAN_POINT('Origin',(-2.99982219964435,0.,7.64999999999976));
#4065=CARTESIAN_POINT('Origin',(-13.000000000001,0.,7.64999999999897));
#4066=CARTESIAN_POINT('',(13.000000000001,61.8,7.64999999999897));
#4067=CARTESIAN_POINT('',(13.000000000001,0.,7.64999999999897));
#4068=CARTESIAN_POINT('',(0.,61.8,7.65));
#4069=CARTESIAN_POINT('Origin',(13.000000000001,0.,4.9));
#4070=CARTESIAN_POINT('',(15.75,61.8,4.9));
#4071=CARTESIAN_POINT('',(15.75,0.,4.9));
#4072=CARTESIAN_POINT('Origin',(13.000000000001,61.8,4.9));
#4073=CARTESIAN_POINT('Origin',(15.75,0.,3.7));
#4074=CARTESIAN_POINT('',(15.75,61.8,3.7));
#4075=CARTESIAN_POINT('',(15.75,0.,3.7));
#4076=CARTESIAN_POINT('',(15.75,61.8,2.1));
#4077=CARTESIAN_POINT('Origin',(14.15,0.,3.7));
#4078=CARTESIAN_POINT('',(14.15,61.8,2.1));
#4079=CARTESIAN_POINT('',(14.15,0.,2.1));
#4080=CARTESIAN_POINT('Origin',(14.15,61.8,3.7));
#4081=CARTESIAN_POINT('Origin',(9.25000000000105,0.,2.1));
#4082=CARTESIAN_POINT('',(9.25000000000105,61.8,2.1));
#4083=CARTESIAN_POINT('',(9.25000000000105,0.,2.1));
#4084=CARTESIAN_POINT('',(13.5319135189399,61.8,2.1));
#4085=CARTESIAN_POINT('Origin',(9.25000000000105,0.,1.));
#4086=CARTESIAN_POINT('',(8.15000000000104,61.8,1.));
#4087=CARTESIAN_POINT('',(8.15000000000104,0.,1.));
#4088=CARTESIAN_POINT('Origin',(9.25000000000105,61.8,1.));
#4089=CARTESIAN_POINT('Origin',(4.94999999999895,0.,1.));
#4090=CARTESIAN_POINT('',(8.15000000000104,61.8,1.));
#4091=CARTESIAN_POINT('Origin',(-4.94999999999907,0.,1.8));
#4092=CARTESIAN_POINT('',(-4.94999999999907,61.8,1.8));
#4093=CARTESIAN_POINT('',(-4.94999999999895,61.8,1.));
#4094=CARTESIAN_POINT('',(-4.94999999999907,0.,1.8));
#4095=CARTESIAN_POINT('Origin',(-7.64999999999907,0.,1.8));
#4096=CARTESIAN_POINT('',(-7.64999999999907,61.8,4.49999999999999));
#4097=CARTESIAN_POINT('Origin',(-7.64999999999907,61.8,1.8));
#4098=CARTESIAN_POINT('',(-7.64999999999907,0.,4.49999999999999));
#4099=CARTESIAN_POINT('Origin',(-12.9750000000005,0.,4.5));
#4100=CARTESIAN_POINT('',(-13.35,61.8,4.5));
#4101=CARTESIAN_POINT('Origin',(-7.87499999999991,61.8,4.325));
#4102=CARTESIAN_POINT('Origin',(12.9999999999998,80.875,-3.00000000000006));
#4103=CARTESIAN_POINT('',(13.5001307397419,81.6,-1.63898227668966));
#4104=CARTESIAN_POINT('',(13.5001307397419,81.4500502887449,-1.80000000148728));
#4105=CARTESIAN_POINT('Ctrl Pts',(13.5001307397419,81.6,-1.6389822766897));
#4106=CARTESIAN_POINT('Ctrl Pts',(13.5001307397419,81.5203112837196,-1.72388097905598));
#4107=CARTESIAN_POINT('Ctrl Pts',(13.5001307397419,81.4500502887449,-1.80000000148728));
#4108=CARTESIAN_POINT('',(13.9565319932244,81.6,-1.91025390758323));
#4109=CARTESIAN_POINT('Origin',(12.9999999999998,81.6,-3.00000000000006));
#4110=CARTESIAN_POINT('Ctrl Pts',(13.5001307397419,81.4500502887449,-1.80000000148728));
#4111=CARTESIAN_POINT('Ctrl Pts',(13.5048569564794,81.4518682314618,-1.8000002592532));
#4112=CARTESIAN_POINT('Ctrl Pts',(13.5095670664345,81.453671009841,-1.80003402770757));
#4113=CARTESIAN_POINT('Ctrl Pts',(13.6026885991395,81.4891403039707,-1.80135492050241));
#4114=CARTESIAN_POINT('Ctrl Pts',(13.6995898946912,81.522729759344,-1.81522783408827));
#4115=CARTESIAN_POINT('Ctrl Pts',(13.8495344701672,81.5696550615402,-1.86119573665362));
#4116=CARTESIAN_POINT('Ctrl Pts',(13.9047529156897,81.5858063695131,-1.88369030690872));
#4117=CARTESIAN_POINT('Ctrl Pts',(13.9565319932244,81.6,-1.91025390758323));
#4118=CARTESIAN_POINT('Origin',(12.9999999999998,86.6,-3.00000000000006));
#4119=CARTESIAN_POINT('',(12.9999999999998,89.8,-4.45000000000006));
#4120=CARTESIAN_POINT('Origin',(12.9999999999998,89.8,-3.00000000000006));
#4121=CARTESIAN_POINT('',(12.9999999999998,81.6,-4.45000000000006));
#4122=CARTESIAN_POINT('',(12.9999999999998,86.6,-4.45000000000006));
#4123=CARTESIAN_POINT('',(14.4441965160181,81.6,-3.12960101512206));
#4124=CARTESIAN_POINT('Origin',(12.9999999999998,81.6,-3.00000000000006));
#4125=CARTESIAN_POINT('',(14.4441965160181,81.982909845951,-3.12960101512206));
#4126=CARTESIAN_POINT('',(14.4441965160181,86.6,-3.12960101512206));
#4127=CARTESIAN_POINT('',(13.9565319932244,82.6869002267241,-1.91025390758323));
#4128=CARTESIAN_POINT('Origin',(12.9999999999998,82.0577350269189,-3.00000000000006));
#4129=CARTESIAN_POINT('',(13.9565319932244,86.6,-1.91025390758323));
#4130=CARTESIAN_POINT('',(13.5001307397419,82.843518975844,-1.63898227668966));
#4131=CARTESIAN_POINT('',(13.5001307397419,86.6,-1.63898227668966));
#4132=CARTESIAN_POINT('',(11.5534523858509,82.,-3.1));
#4133=CARTESIAN_POINT('Origin',(12.9999999999998,82.0577350269189,-3.00000000000006));
#4134=CARTESIAN_POINT('',(11.5534523858509,81.6,-3.1));
#4135=CARTESIAN_POINT('',(11.5534523858509,86.6,-3.1));
#4136=CARTESIAN_POINT('Origin',(12.9999999999998,81.6,-3.00000000000006));
#4137=CARTESIAN_POINT('Origin',(12.9999999999998,80.875,-3.00000000000006));
#4138=CARTESIAN_POINT('',(12.5461369987354,80.6147489902267,-3.1));
#4139=CARTESIAN_POINT('Ctrl Pts',(12.5461369987354,80.6147489902267,-3.1));
#4140=CARTESIAN_POINT('Ctrl Pts',(12.5338308115374,80.6267669250114,-3.1));
#4141=CARTESIAN_POINT('Ctrl Pts',(12.2767261929254,80.8784482758621,-3.1));
#4142=CARTESIAN_POINT('Ctrl Pts',(11.5534523858509,81.6,-3.1));
#4143=CARTESIAN_POINT('Ctrl Pts',(14.4441965160181,81.6,-3.12960101512206));
#4144=CARTESIAN_POINT('Ctrl Pts',(14.4281410951863,81.58811939853,-3.17559070657218));
#4145=CARTESIAN_POINT('Ctrl Pts',(14.4084398672547,81.574906811819,-3.22105514985725));
#4146=CARTESIAN_POINT('Ctrl Pts',(14.3413741479907,81.5330063593341,-3.34890027109829));
#4147=CARTESIAN_POINT('Ctrl Pts',(14.2849369675727,81.5012317015995,-3.42561959063143));
#4148=CARTESIAN_POINT('Ctrl Pts',(14.1087948360463,81.4063064114482,-3.61138128661982));
#4149=CARTESIAN_POINT('Ctrl Pts',(13.9375408035619,81.319820236273,-3.7138229158955));
#4150=CARTESIAN_POINT('Ctrl Pts',(13.656191026669,81.1755771166844,-3.79633179859155));
#4151=CARTESIAN_POINT('Ctrl Pts',(13.5163160287478,81.1029174070481,-3.80919429371926));
#4152=CARTESIAN_POINT('Ctrl Pts',(13.2445151486363,80.9557996433399,-3.77643541805148));
#4153=CARTESIAN_POINT('Ctrl Pts',(13.112707853113,80.8810665381166,-3.73106653811664));
#4154=CARTESIAN_POINT('Ctrl Pts',(12.9346959551178,80.7782704353326,-3.62827043533266));
#4155=CARTESIAN_POINT('Ctrl Pts',(12.8672521284105,80.7388397080064,-3.57890756026252));
#4156=CARTESIAN_POINT('Ctrl Pts',(12.7453438885563,80.6713256605928,-3.46146991910129));
#4157=CARTESIAN_POINT('Ctrl Pts',(12.6908150108599,80.6435947463687,-3.39325978824192));
#4158=CARTESIAN_POINT('Ctrl Pts',(12.6078717409284,80.6134218777038,-3.257960026388));
#4159=CARTESIAN_POINT('Ctrl Pts',(12.5708313732187,80.6075288512631,-3.17852310624711));
#4160=CARTESIAN_POINT('Ctrl Pts',(12.5461369987354,80.6147489902267,-3.1));
#4161=CARTESIAN_POINT('Origin',(12.9999999999998,90.7,-3.00000000000006));
#4162=CARTESIAN_POINT('',(11.4510159188454,90.,-2.43153864130421));
#4163=CARTESIAN_POINT('',(11.4510159188455,90.,-3.56846135869597));
#4164=CARTESIAN_POINT('Ctrl Pts',(11.4510159188454,90.,-2.43153864130421));
#4165=CARTESIAN_POINT('Ctrl Pts',(11.4510159188454,89.8041525355573,-3.00000000000009));
#4166=CARTESIAN_POINT('Ctrl Pts',(11.4510159188455,90.,-3.56846135869597));
#4167=CARTESIAN_POINT('',(12.9999999999998,90.,-4.65000000000006));
#4168=CARTESIAN_POINT('Origin',(12.9999999999998,90.,-3.00000000000006));
#4169=CARTESIAN_POINT('',(12.9999999999998,90.7,-5.35000000000006));
#4170=CARTESIAN_POINT('Origin',(12.9999999999998,90.,-3.00000000000006));
#4171=CARTESIAN_POINT('Origin',(-13.0000000000002,80.875,-3.00000000000006));
#4172=CARTESIAN_POINT('',(-11.5534523858512,81.6,-3.1));
#4173=CARTESIAN_POINT('',(-12.5460353985324,80.6148482111246,-3.1));
#4174=CARTESIAN_POINT('Ctrl Pts',(-11.5534523858513,81.6,-3.1));
#4175=CARTESIAN_POINT('Ctrl Pts',(-12.2748592405768,80.8803107830801,-3.1));
#4176=CARTESIAN_POINT('Ctrl Pts',(-12.5329818649131,80.627596119034,-3.1));
#4177=CARTESIAN_POINT('Ctrl Pts',(-12.5460353985324,80.6148482111246,-3.1));
#4178=CARTESIAN_POINT('',(-13.0000000000002,81.6,-4.45000000000006));
#4179=CARTESIAN_POINT('Origin',(-13.0000000000002,81.6,-3.00000000000006));
#4180=CARTESIAN_POINT('',(-14.4442316280149,81.6,-3.1292091507672));
#4181=CARTESIAN_POINT('Origin',(-13.0000000000002,81.6,-3.00000000000006));
#4182=CARTESIAN_POINT('Ctrl Pts',(-12.5460353985324,80.6148482111246,-3.1));
#4183=CARTESIAN_POINT('Ctrl Pts',(-12.5707376652139,80.6076219071715,-3.17854820183763));
#4184=CARTESIAN_POINT('Ctrl Pts',(-12.6077942345002,80.6135117494413,-3.25801127396739));
#4185=CARTESIAN_POINT('Ctrl Pts',(-12.6907644154912,80.6436815088835,-3.39332993831139));
#4186=CARTESIAN_POINT('Ctrl Pts',(-12.7453030248207,80.6714062763366,-3.46154000301468));
#4187=CARTESIAN_POINT('Ctrl Pts',(-12.8672317366561,80.7389085991716,-3.5789742024198));
#4188=CARTESIAN_POINT('Ctrl Pts',(-12.9346862632926,80.7783337186339,-3.62833371863402));
#4189=CARTESIAN_POINT('Ctrl Pts',(-13.1127098828961,80.8811087417307,-3.7311087417307));
#4190=CARTESIAN_POINT('Ctrl Pts',(-13.2445156503616,80.9558242995037,-3.77646115028606));
#4191=CARTESIAN_POINT('Ctrl Pts',(-13.5163057690652,81.1029095413965,-3.80919186688827));
#4192=CARTESIAN_POINT('Ctrl Pts',(-13.6561716206791,81.1755540848908,-3.79631784174579));
#4193=CARTESIAN_POINT('Ctrl Pts',(-13.93749641873,81.319767138588,-3.71379349169603));
#4194=CARTESIAN_POINT('Ctrl Pts',(-14.1087309455794,81.4062361648519,-3.61134992977955));
#4195=CARTESIAN_POINT('Ctrl Pts',(-14.2848533525563,81.5011450650059,-3.42559636160162));
#4196=CARTESIAN_POINT('Ctrl Pts',(-14.3412851041012,81.5329152167904,-3.34888002509647));
#4197=CARTESIAN_POINT('Ctrl Pts',(-14.4084078680479,81.5748500795871,-3.22092056369081));
#4198=CARTESIAN_POINT('Ctrl Pts',(-14.4281530578622,81.5880949126943,-3.17532665033429));
#4199=CARTESIAN_POINT('Ctrl Pts',(-14.4442316280149,81.6,-3.1292091507672));
#4200=CARTESIAN_POINT('Origin',(-13.0000000000002,86.6,-3.00000000000006));
#4201=CARTESIAN_POINT('',(-13.0000000000002,89.8,-4.45000000000006));
#4202=CARTESIAN_POINT('Origin',(-13.0000000000002,89.8,-3.00000000000006));
#4203=CARTESIAN_POINT('',(-13.0000000000002,86.6,-4.45000000000006));
#4204=CARTESIAN_POINT('',(-11.5534523858512,82.,-3.1));
#4205=CARTESIAN_POINT('',(-11.5534523858512,86.6,-3.1));
#4206=CARTESIAN_POINT('',(-13.5001307397418,82.8435189758441,-1.63898227668949));
#4207=CARTESIAN_POINT('Origin',(-13.0000000000002,82.0577350269189,-3.00000000000006));
#4208=CARTESIAN_POINT('',(-13.5001307397418,81.6,-1.63898227668949));
#4209=CARTESIAN_POINT('',(-13.5001307397418,86.6,-1.63898227668949));
#4210=CARTESIAN_POINT('',(-13.956674968441,81.6,-1.91037942165232));
#4211=CARTESIAN_POINT('Origin',(-13.0000000000002,81.6,-3.00000000000006));
#4212=CARTESIAN_POINT('',(-13.956674968441,82.6868277611425,-1.91037942165236));
#4213=CARTESIAN_POINT('',(-13.956674968441,86.6,-1.91037942165232));
#4214=CARTESIAN_POINT('',(-14.4442316280149,81.9831360889418,-3.1292091507672));
#4215=CARTESIAN_POINT('Origin',(-13.0000000000002,82.0577350269189,-3.00000000000006));
#4216=CARTESIAN_POINT('',(-14.4442316280149,86.6,-3.1292091507672));
#4217=CARTESIAN_POINT('Origin',(-13.0000000000002,80.875,-3.00000000000006));
#4218=CARTESIAN_POINT('',(-13.5001307397418,81.4500502788658,-1.80000001218982));
#4219=CARTESIAN_POINT('Ctrl Pts',(-13.5001307397418,81.4500502788658,-1.80000001218982));
#4220=CARTESIAN_POINT('Ctrl Pts',(-13.5001307397418,81.5203112781604,-1.7238809849775));
#4221=CARTESIAN_POINT('Ctrl Pts',(-13.5001307397418,81.6,-1.63898227668953));
#4222=CARTESIAN_POINT('Ctrl Pts',(-13.956674968441,81.6,-1.91037942165232));
#4223=CARTESIAN_POINT('Ctrl Pts',(-13.9048487322976,81.5857995565239,-1.88377362844083));
#4224=CARTESIAN_POINT('Ctrl Pts',(-13.8495725236631,81.5696368837823,-1.8612436375868));
#4225=CARTESIAN_POINT('Ctrl Pts',(-13.6995740376616,81.5227064094213,-1.81524569004041));
#4226=CARTESIAN_POINT('Ctrl Pts',(-13.6026784843036,81.4891270436092,-1.80136465884154));
#4227=CARTESIAN_POINT('Ctrl Pts',(-13.5095629061361,81.4536685249358,-1.80003496693669));
#4228=CARTESIAN_POINT('Ctrl Pts',(-13.504854872055,81.4518669767865,-1.80000074981486));
#4229=CARTESIAN_POINT('Ctrl Pts',(-13.5001307397418,81.4500502788658,-1.80000001218982));
#4230=CARTESIAN_POINT('Origin',(-13.0000000000002,90.7,-3.00000000000006));
#4231=CARTESIAN_POINT('',(-13.0000000000002,90.,-4.65000000000006));
#4232=CARTESIAN_POINT('Origin',(-13.0000000000002,90.,-3.00000000000006));
#4233=CARTESIAN_POINT('',(-13.0000000000002,90.7,-5.35000000000006));
#4234=CARTESIAN_POINT('Origin',(-1.94289029309402E-13,90.,-2.87500000000003));
#4235=CARTESIAN_POINT('',(11.4510159188454,90.,0.199999999999965));
#4236=CARTESIAN_POINT('',(11.4510159188455,90.,-4.41249999999993));
#4237=CARTESIAN_POINT('',(15.9499999999998,90.,0.2));
#4238=CARTESIAN_POINT('',(6.75006536987085,90.,0.200000000000002));
#4239=CARTESIAN_POINT('',(15.9499999999998,90.,-3.00000000000006));
#4240=CARTESIAN_POINT('',(15.9499999999998,90.,-1.33750000000002));
#4241=CARTESIAN_POINT('',(12.9999999999998,90.,-5.95000000000006));
#4242=CARTESIAN_POINT('Origin',(12.9999999999998,90.,-3.00000000000006));
#4243=CARTESIAN_POINT('',(11.4510159188454,90.,-5.95000000000006));
#4244=CARTESIAN_POINT('',(6.49999999999981,90.,-5.95000000000006));
#4245=CARTESIAN_POINT('',(11.4510159188455,90.,-4.41249999999993));
#4246=CARTESIAN_POINT('Origin',(13.5001307397419,0.6,-1.80000000148728));
#4247=CARTESIAN_POINT('',(13.5001307397419,0.6,-1.80000000148728));
#4248=CARTESIAN_POINT('',(13.5001307397419,0.6,-1.80000000148728));
#4249=CARTESIAN_POINT('',(13.5001307397419,0.6,4.44999999999994));
#4250=CARTESIAN_POINT('',(13.5001307397419,0.6,0.0999999999999715));
#4251=CARTESIAN_POINT('',(13.5001307397419,10.,4.44999999999994));
#4252=CARTESIAN_POINT('',(13.5001307397419,0.,4.44999999999994));
#4253=CARTESIAN_POINT('',(13.5001307397419,10.,5.54999999999994));
#4254=CARTESIAN_POINT('',(13.5001307397419,10.,0.200000000000001));
#4255=CARTESIAN_POINT('',(13.5001307397419,35.,5.54999999999994));
#4256=CARTESIAN_POINT('',(13.5001307397419,0.,5.54999999999994));
#4257=CARTESIAN_POINT('',(13.5001307397419,35.,0.200000000000001));
#4258=CARTESIAN_POINT('',(13.5001307397419,35.,1.62682396610018));
#4259=CARTESIAN_POINT('',(13.5001307397419,83.9052558883258,0.200000000000001));
#4260=CARTESIAN_POINT('',(13.5001307397419,0.6,0.200000000000001));
#4261=CARTESIAN_POINT('',(13.5001307397419,72.1627082559079,-20.1386891096453));
#4262=CARTESIAN_POINT('Origin',(-1.94289029309402E-13,82.1125,-2.90514428414851));
#4263=CARTESIAN_POINT('Origin',(13.5000762001523,82.1732050807569,-2.8));
#4264=CARTESIAN_POINT('Origin',(-1.94289029309402E-13,82.1125,-2.90514428414851));
#4265=CARTESIAN_POINT('',(11.4510159188454,83.9052558883258,0.200000000000001));
#4266=CARTESIAN_POINT('',(6.75006536987086,83.9052558883258,0.200000000000002));
#4267=CARTESIAN_POINT('',(11.4510159188454,82.,-3.1));
#4268=CARTESIAN_POINT('',(11.4510159188454,83.7707209581222,-0.0330213345053157));
#4269=CARTESIAN_POINT('',(-1.68750000000199,82.,-3.1));
#4270=CARTESIAN_POINT('Origin',(-1.94289029309402E-13,82.1125,-2.90514428414851));
#4271=CARTESIAN_POINT('Origin',(-13.4999745999494,82.1732050807569,-2.8));
#4272=CARTESIAN_POINT('Origin',(-1.94289029309402E-13,82.1125,-2.90514428414851));
#4273=CARTESIAN_POINT('',(-9.42654711653041,82.,-3.1));
#4274=CARTESIAN_POINT('',(-1.68750000000199,82.,-3.1));
#4275=CARTESIAN_POINT('',(-9.42654711653046,83.9052558883256,0.199999999999664));
#4276=CARTESIAN_POINT('',(-9.42654711653042,82.4392068998035,-2.33927133450546));
#4277=CARTESIAN_POINT('',(-13.5001307397419,83.9052558883255,0.199999999999522));
#4278=CARTESIAN_POINT('',(-7.97500000000093,83.9052558883256,0.199999999999716));
#4279=CARTESIAN_POINT('',(-13.5001307397412,72.595720958122,-19.3886891090879));
#4280=CARTESIAN_POINT('Origin',(0.000177800355459687,31.5,-4.95000000000006));
#4281=CARTESIAN_POINT('',(3.50017780035546,31.5,-5.95000000000006));
#4282=CARTESIAN_POINT('Origin',(0.000177800355459644,31.5,-5.95000000000006));
#4283=CARTESIAN_POINT('',(1.50017780035546,31.5,-3.95000000000006));
#4284=CARTESIAN_POINT('',(2.50017780035546,31.5,-4.95000000000006));
#4285=CARTESIAN_POINT('Origin',(0.000177800355459729,31.5,-3.95000000000006));
#4286=CARTESIAN_POINT('Origin',(0.000177800355459889,31.5,-0.200000000000057));
#4287=CARTESIAN_POINT('',(1.50017780035546,31.5,-3.1));
#4288=CARTESIAN_POINT('',(1.50017780035546,31.5,-0.200000000000057));
#4289=CARTESIAN_POINT('Origin',(0.000177800355459766,31.5,-3.1));
#4290=CARTESIAN_POINT('Origin',(1.01223440115752,60.,-4.37500000000003));
#4291=CARTESIAN_POINT('',(11.4510159188454,60.,-3.1));
#4292=CARTESIAN_POINT('',(-9.42654711653041,60.,-3.1));
#4293=CARTESIAN_POINT('',(-1.18138279942313,60.,-3.1));
#4294=CARTESIAN_POINT('',(11.4510159188454,60.,-5.95000000000006));
#4295=CARTESIAN_POINT('',(11.4510159188454,60.,-2.8));
#4296=CARTESIAN_POINT('',(-9.42654711653041,60.,-5.95000000000006));
#4297=CARTESIAN_POINT('',(7.00611720057866,60.,-5.95000000000006));
#4298=CARTESIAN_POINT('',(-9.42654711653041,60.,-6.00000000000006));
#4299=CARTESIAN_POINT('Origin',(11.4510159188454,90.,0.199999999999965));
#4300=CARTESIAN_POINT('',(11.4510159188454,30.,-5.95000000000006));
#4301=CARTESIAN_POINT('',(11.4510159188454,30.,-3.1));
#4302=CARTESIAN_POINT('',(11.4510159188454,90.,0.199999999999965));
#4303=CARTESIAN_POINT('Origin',(-1.94289029309402E-13,90.,-2.87500000000003));
#4304=CARTESIAN_POINT('',(-9.42654711653041,90.,-5.95000000000006));
#4305=CARTESIAN_POINT('',(-9.42654711653046,90.,0.199999999999594));
#4306=CARTESIAN_POINT('',(-9.42654711653044,90.,-1.33750000000029));
#4307=CARTESIAN_POINT('',(-13.0000000000002,90.,-5.95000000000006));
#4308=CARTESIAN_POINT('',(6.49999999999981,90.,-5.95000000000006));
#4309=CARTESIAN_POINT('',(-15.9500000000002,90.,-3.00000000000006));
#4310=CARTESIAN_POINT('Origin',(-13.0000000000002,90.,-3.00000000000006));
#4311=CARTESIAN_POINT('',(-15.9499999999998,90.,0.199999999999435));
#4312=CARTESIAN_POINT('',(-15.9500000000002,90.,-2.93750000000004));
#4313=CARTESIAN_POINT('',(-7.97500000000006,90.,0.199999999999719));
#4314=CARTESIAN_POINT('Origin',(-3.37500000000378,0.,-3.1));
#4315=CARTESIAN_POINT('',(-9.42654711653041,30.,-3.1));
#4316=CARTESIAN_POINT('',(-12.5460353985324,0.6,-3.1));
#4317=CARTESIAN_POINT('',(-12.5460353985324,0.6,-3.1));
#4318=CARTESIAN_POINT('',(-3.37500000000378,0.6,-3.1));
#4319=CARTESIAN_POINT('',(-6.27301769926632,0.6,-3.1));
#4320=CARTESIAN_POINT('',(-3.37500000000378,0.,-3.1));
#4321=CARTESIAN_POINT('',(-3.37500000000378,0.,-3.1));
#4322=CARTESIAN_POINT('',(3.37500000001969,0.,-3.1));
#4323=CARTESIAN_POINT('',(3.37500000001969,0.,-3.1));
#4324=CARTESIAN_POINT('',(3.37500000001969,0.6,-3.1));
#4325=CARTESIAN_POINT('',(3.37500000001969,0.,-3.1));
#4326=CARTESIAN_POINT('',(12.5461369987354,0.6,-3.1));
#4327=CARTESIAN_POINT('',(-6.27301769926632,0.6,-3.1));
#4328=CARTESIAN_POINT('',(12.5461369987354,0.6,-3.1));
#4329=CARTESIAN_POINT('Origin',(12.9999999999998,0.,-5.95000000000006));
#4330=CARTESIAN_POINT('',(12.9999999999998,0.,-5.95000000000006));
#4331=CARTESIAN_POINT('',(12.9999999999998,0.,-5.95000000000006));
#4332=CARTESIAN_POINT('',(-13.0000000000002,0.,-5.95000000000006));
#4333=CARTESIAN_POINT('',(12.9999999999998,0.,-5.95000000000006));
#4334=CARTESIAN_POINT('',(-13.0000000000002,0.,-5.95000000000006));
#4335=CARTESIAN_POINT('',(-9.42654711653041,30.,-5.95000000000006));
#4336=CARTESIAN_POINT('Origin',(-9.42654711653035,90.,-5.95000000000006));
#4337=CARTESIAN_POINT('',(-9.42654711653046,90.,0.199999999999594));
#4338=CARTESIAN_POINT('Origin',(-1.95399252334028E-13,0.,-5.77315972805081E-14));
#4339=CARTESIAN_POINT('',(15.9499999999998,0.,2.99999999999994));
#4340=CARTESIAN_POINT('',(15.9499999999998,0.,-3.00000000000006));
#4341=CARTESIAN_POINT('',(15.9499999999998,0.,2.99999999999994));
#4342=CARTESIAN_POINT('',(12.9999999999998,0.,5.94999999999994));
#4343=CARTESIAN_POINT('Origin',(12.9999999999998,0.,2.99999999999994));
#4344=CARTESIAN_POINT('',(-13.0000000000002,0.,5.94999999999994));
#4345=CARTESIAN_POINT('',(-13.0000000000002,0.,5.94999999999994));
#4346=CARTESIAN_POINT('',(-15.9500000000002,0.,2.99999999999994));
#4347=CARTESIAN_POINT('Origin',(-13.0000000000002,0.,2.99999999999994));
#4348=CARTESIAN_POINT('',(-15.9500000000002,0.,-3.00000000000006));
#4349=CARTESIAN_POINT('',(-15.9500000000002,0.,-3.00000000000006));
#4350=CARTESIAN_POINT('Origin',(-13.0000000000002,0.,-3.00000000000006));
#4351=CARTESIAN_POINT('Origin',(12.9999999999998,0.,-3.00000000000006));
#4352=CARTESIAN_POINT('',(-3.37500000000044,0.,0.900000000000001));
#4353=CARTESIAN_POINT('',(-4.87500000000378,0.,-0.600000000003341));
#4354=CARTESIAN_POINT('Origin',(-3.37500000000044,0.,-0.600000000003341));
#4355=CARTESIAN_POINT('',(3.37500000000044,0.,0.9));
#4356=CARTESIAN_POINT('',(-13.5001307397422,0.,0.900000000000003));
#4357=CARTESIAN_POINT('',(4.87500000000039,0.,-0.599999999995776));
#4358=CARTESIAN_POINT('Origin',(3.37500000000044,0.,-0.599999999999948));
#4359=CARTESIAN_POINT('',(4.87500000000317,0.,-1.60000000001235));
#4360=CARTESIAN_POINT('',(4.87500000000039,0.,-0.599999999995776));
#4361=CARTESIAN_POINT('Origin',(3.37500000001969,0.,-1.60000000001652));
#4362=CARTESIAN_POINT('',(-4.87500000000378,0.,-1.6));
#4363=CARTESIAN_POINT('Origin',(-3.37500000000378,0.,-1.6));
#4364=CARTESIAN_POINT('',(-4.87500000000378,0.,-1.6));
#4365=CARTESIAN_POINT('',(9.7500000000002,0.,3.45000000000029));
#4366=CARTESIAN_POINT('',(7.75000000000019,0.,3.45000000000022));
#4367=CARTESIAN_POINT('Origin',(8.75000000000381,0.,3.45000000000025));
#4368=CARTESIAN_POINT('',(9.7500000000002,0.,-0.949999999999712));
#4369=CARTESIAN_POINT('',(9.7500000000002,0.,-0.949999999999712));
#4370=CARTESIAN_POINT('',(7.75000000000019,0.,-0.949999999999782));
#4371=CARTESIAN_POINT('Origin',(8.7500000000002,0.,-0.949999999999747));
#4372=CARTESIAN_POINT('',(7.75000000000019,0.,3.45000000000022));
#4373=CARTESIAN_POINT('',(-7.75000000000019,0.,3.44999999999994));
#4374=CARTESIAN_POINT('',(-9.7500000000002,0.,3.44999999999994));
#4375=CARTESIAN_POINT('Origin',(-8.75000000000381,0.,3.44999999999994));
#4376=CARTESIAN_POINT('',(-7.75000000000019,0.,-0.950000000000057));
#4377=CARTESIAN_POINT('',(-7.75000000000019,0.,3.44999999999994));
#4378=CARTESIAN_POINT('',(-9.7500000000002,0.,-0.950000000000057));
#4379=CARTESIAN_POINT('Origin',(-8.7500000000002,0.,-0.950000000000057));
#4380=CARTESIAN_POINT('',(-9.7500000000002,0.,-0.950000000000057));
#4381=CARTESIAN_POINT('Origin',(12.9999999999998,0.,2.99999999999994));
#4382=CARTESIAN_POINT('',(15.9499999999998,35.,2.99999999999994));
#4383=CARTESIAN_POINT('',(12.9999999999998,35.,5.94999999999994));
#4384=CARTESIAN_POINT('Origin',(12.9999999999998,35.,2.99999999999994));
#4385=CARTESIAN_POINT('',(12.9999999999998,0.,5.94999999999994));
#4386=CARTESIAN_POINT('',(15.9499999999998,0.,2.99999999999994));
#4387=CARTESIAN_POINT('Origin',(-15.9500000000002,0.,-3.00000000000006));
#4388=CARTESIAN_POINT('',(-15.9500000000002,0.,-3.00000000000006));
#4389=CARTESIAN_POINT('',(-15.9500000000002,35.,2.99999999999994));
#4390=CARTESIAN_POINT('',(-15.9500000000002,0.,2.99999999999994));
#4391=CARTESIAN_POINT('',(-15.9499999999998,35.,0.199999999999435));
#4392=CARTESIAN_POINT('',(-15.9500000000002,35.,1.6268239660999));
#4393=CARTESIAN_POINT('',(-15.9499999999998,0.6,0.199999999999435));
#4394=CARTESIAN_POINT('Origin',(-15.9499999999998,0.6,0.199999999999435));
#4395=CARTESIAN_POINT('',(-13.5001307397419,35.,0.199999999999522));
#4396=CARTESIAN_POINT('',(-7.97499999999995,35.,0.199999999999719));
#4397=CARTESIAN_POINT('',(-13.5001307397419,0.6,0.199999999999522));
#4398=CARTESIAN_POINT('Origin',(-1.95399252334028E-13,0.6,-5.77315972805081E-14));
#4399=CARTESIAN_POINT('Origin',(13.5000762001523,0.6,-2.8));
#4400=CARTESIAN_POINT('',(4.87500000000317,0.6,-1.60000000001235));
#4401=CARTESIAN_POINT('Origin',(3.37500000001969,0.6,-1.60000000001652));
#4402=CARTESIAN_POINT('',(4.87500000000039,0.6,-0.599999999995776));
#4403=CARTESIAN_POINT('',(4.87500000000039,0.6,-0.599999999995776));
#4404=CARTESIAN_POINT('',(3.37500000000044,0.6,0.9));
#4405=CARTESIAN_POINT('Origin',(3.37500000000044,0.6,-0.599999999999948));
#4406=CARTESIAN_POINT('',(-3.37500000000044,0.6,0.900000000000001));
#4407=CARTESIAN_POINT('',(-13.5001307397422,0.6,0.900000000000003));
#4408=CARTESIAN_POINT('',(-4.87500000000378,0.6,-0.600000000003341));
#4409=CARTESIAN_POINT('Origin',(-3.37500000000044,0.6,-0.600000000003341));
#4410=CARTESIAN_POINT('',(-4.87500000000378,0.6,-1.6));
#4411=CARTESIAN_POINT('',(-4.87500000000378,0.6,-1.6));
#4412=CARTESIAN_POINT('Origin',(-3.37500000000378,0.6,-1.6));
#4413=CARTESIAN_POINT('',(-13.5001307397418,0.6,-1.80000001218982));
#4414=CARTESIAN_POINT('Origin',(-13.4999745999494,0.6,-2.8));
#4415=CARTESIAN_POINT('',(-13.5001307397437,0.6,4.44999999999994));
#4416=CARTESIAN_POINT('',(-13.5001307397419,0.6,0.0999999999994896));
#4417=CARTESIAN_POINT('',(-8.75000000000381,0.6,4.44999999999994));
#4418=CARTESIAN_POINT('',(6.75006536987085,0.6,4.44999999999994));
#4419=CARTESIAN_POINT('',(-9.7500000000002,0.6,3.44999999999994));
#4420=CARTESIAN_POINT('Origin',(-8.75000000000381,0.6,3.44999999999994));
#4421=CARTESIAN_POINT('',(-9.7500000000002,0.6,-0.950000000000057));
#4422=CARTESIAN_POINT('',(-9.7500000000002,0.6,-0.950000000000057));
#4423=CARTESIAN_POINT('',(-7.75000000000019,0.6,-0.950000000000057));
#4424=CARTESIAN_POINT('Origin',(-8.7500000000002,0.6,-0.950000000000057));
#4425=CARTESIAN_POINT('',(-7.75000000000019,0.6,3.44999999999994));
#4426=CARTESIAN_POINT('',(-7.75000000000019,0.6,3.44999999999994));
#4427=CARTESIAN_POINT('Origin',(-8.75000000000381,0.6,3.44999999999994));
#4428=CARTESIAN_POINT('',(8.75000000000381,0.6,4.44999999999994));
#4429=CARTESIAN_POINT('',(6.75006536987085,0.6,4.44999999999994));
#4430=CARTESIAN_POINT('',(7.75000000000019,0.6,3.45000000000022));
#4431=CARTESIAN_POINT('Origin',(8.75000000000381,0.6,3.45000000000025));
#4432=CARTESIAN_POINT('',(7.75000000000019,0.6,-0.949999999999782));
#4433=CARTESIAN_POINT('',(7.75000000000019,0.6,3.45000000000022));
#4434=CARTESIAN_POINT('',(9.7500000000002,0.6,-0.949999999999712));
#4435=CARTESIAN_POINT('Origin',(8.7500000000002,0.6,-0.949999999999747));
#4436=CARTESIAN_POINT('',(9.7500000000002,0.6,3.45000000000029));
#4437=CARTESIAN_POINT('',(9.7500000000002,0.6,-0.949999999999712));
#4438=CARTESIAN_POINT('Origin',(8.75000000000381,0.6,3.45000000000025));
#4439=CARTESIAN_POINT('',(6.75006536987085,0.6,4.44999999999994));
#4440=CARTESIAN_POINT('Origin',(13.5001307397419,0.,5.54999999999994));
#4441=CARTESIAN_POINT('',(-13.5001307397442,10.,5.54999999999994));
#4442=CARTESIAN_POINT('',(6.75006536987034,10.,5.54999999999994));
#4443=CARTESIAN_POINT('',(-13.5001307397442,35.,5.54999999999994));
#4444=CARTESIAN_POINT('',(-13.5001307397442,0.,5.54999999999994));
#4445=CARTESIAN_POINT('',(6.75006536987034,35.,5.54999999999994));
#4446=CARTESIAN_POINT('Origin',(-1.21458398893992E-12,35.,5.74999999999995));
#4447=CARTESIAN_POINT('',(-13.5001307397437,35.,4.48047189829777));
#4448=CARTESIAN_POINT('',(-13.0000000000002,35.,5.94999999999994));
#4449=CARTESIAN_POINT('Origin',(-13.0000000000002,35.,2.99999999999994));
#4450=CARTESIAN_POINT('',(-6.5000000000007,35.,5.94999999999994));
#4451=CARTESIAN_POINT('',(15.9499999999998,35.,0.2));
#4452=CARTESIAN_POINT('',(15.9499999999998,35.,3.02682396610015));
#4453=CARTESIAN_POINT('',(6.75006536987085,35.,0.200000000000002));
#4454=CARTESIAN_POINT('Origin',(-13.0000000000002,0.,2.99999999999994));
#4455=CARTESIAN_POINT('',(-13.0000000000002,0.,5.94999999999994));
#4456=CARTESIAN_POINT('Origin',(-1.21458398893992E-12,10.,5.19999999999995));
#4457=CARTESIAN_POINT('',(-13.5001307397437,10.,4.44999999999994));
#4458=CARTESIAN_POINT('',(-13.5001307397437,10.,4.44999999999994));
#4459=CARTESIAN_POINT('',(-13.5001307397419,10.,0.199999999999522));
#4460=CARTESIAN_POINT('Origin',(13.5001307397419,0.,4.44999999999994));
#4461=CARTESIAN_POINT('',(-13.5001307397437,0.,4.44999999999994));
#4462=CARTESIAN_POINT('Origin',(8.75000000000381,0.,3.45000000000025));
#4463=CARTESIAN_POINT('',(7.75000000000019,0.,3.45000000000022));
#4464=CARTESIAN_POINT('',(9.7500000000002,0.,3.45000000000029));
#4465=CARTESIAN_POINT('Origin',(13.5001307397419,0.6,0.200000000000001));
#4466=CARTESIAN_POINT('',(15.9499999999998,0.6,0.2));
#4467=CARTESIAN_POINT('Origin',(13.5000762001523,0.6,-2.8));
#4468=CARTESIAN_POINT('Origin',(-13.4999745999494,0.6,-2.8));
#4469=CARTESIAN_POINT('',(-13.5001307397418,0.6,-1.80000001218982));
#4470=CARTESIAN_POINT('Origin',(-13.5001307397419,0.6,0.199999999999522));
#4471=CARTESIAN_POINT('Origin',(-9.7500000000002,0.,3.44999999999994));
#4472=CARTESIAN_POINT('',(-9.7500000000002,0.,-0.950000000000057));
#4473=CARTESIAN_POINT('',(-9.7500000000002,0.,3.44999999999994));
#4474=CARTESIAN_POINT('Origin',(-8.75000000000381,0.,3.44999999999994));
#4475=CARTESIAN_POINT('',(-7.75000000000019,0.,3.44999999999994));
#4476=CARTESIAN_POINT('Origin',(-7.75000000000019,0.,-0.950000000000057));
#4477=CARTESIAN_POINT('',(-7.75000000000019,0.,-0.950000000000057));
#4478=CARTESIAN_POINT('Origin',(-8.7500000000002,0.,-0.950000000000057));
#4479=CARTESIAN_POINT('Origin',(3.37500000000044,0.,0.9));
#4480=CARTESIAN_POINT('',(-3.37500000000044,0.,0.900000000000001));
#4481=CARTESIAN_POINT('',(3.37500000000044,0.,0.9));
#4482=CARTESIAN_POINT('Origin',(3.37500000000044,0.,-0.599999999999948));
#4483=CARTESIAN_POINT('',(4.87500000000039,0.,-0.599999999995776));
#4484=CARTESIAN_POINT('Origin',(4.87500000000317,0.,-1.60000000001235));
#4485=CARTESIAN_POINT('',(4.87500000000317,0.,-1.60000000001235));
#4486=CARTESIAN_POINT('Origin',(3.37500000001969,0.,-1.60000000001652));
#4487=CARTESIAN_POINT('Origin',(-3.37500000000378,0.,-1.6));
#4488=CARTESIAN_POINT('',(-4.87500000000378,0.,-1.6));
#4489=CARTESIAN_POINT('Origin',(-4.87500000000378,0.,-0.600000000003341));
#4490=CARTESIAN_POINT('',(-4.87500000000378,0.,-0.600000000003341));
#4491=CARTESIAN_POINT('Origin',(-3.37500000000044,0.,-0.600000000003341));
#4492=CARTESIAN_POINT('Origin',(7.75000000000019,0.,3.45000000000022));
#4493=CARTESIAN_POINT('',(7.75000000000019,0.,-0.949999999999782));
#4494=CARTESIAN_POINT('Origin',(9.7500000000002,0.,-0.949999999999712));
#4495=CARTESIAN_POINT('',(9.7500000000002,0.,-0.949999999999712));
#4496=CARTESIAN_POINT('Origin',(8.7500000000002,0.,-0.949999999999747));
#4497=CARTESIAN_POINT('Origin',(12.9999999999998,0.,-3.00000000000006));
#4498=CARTESIAN_POINT('',(15.9499999999998,0.,-3.00000000000006));
#4499=CARTESIAN_POINT('Origin',(15.9499999999998,0.,2.99999999999994));
#4500=CARTESIAN_POINT('Origin',(-13.0000000000002,0.,5.94999999999994));
#4501=CARTESIAN_POINT('Origin',(-13.0000000000002,0.,-3.00000000000006));
#4502=CARTESIAN_POINT('',(-1.93178806284777E-13,28.15,-1.89999999999902));
#4503=CARTESIAN_POINT('',(0.,0.,0.));
#4504=CARTESIAN_POINT('Origin',(-1.93178806284777E-13,0.,-5.88418203051333E-14));
#4505=CARTESIAN_POINT('',(-13.0000000000002,0.,-6.80000000000006));
#4506=CARTESIAN_POINT('',(-16.8000000000002,0.,-3.00000000000006));
#4507=CARTESIAN_POINT('Origin',(-13.0000000000002,0.,-3.00000000000006));
#4508=CARTESIAN_POINT('',(12.9999999999998,0.,-6.80000000000006));
#4509=CARTESIAN_POINT('',(-13.0000000000002,0.,-6.80000000000006));
#4510=CARTESIAN_POINT('',(16.7999999999998,0.,-3.00000000000006));
#4511=CARTESIAN_POINT('Origin',(12.9999999999998,0.,-3.00000000000006));
#4512=CARTESIAN_POINT('',(16.7999999999998,0.,2.99999999999994));
#4513=CARTESIAN_POINT('',(16.7999999999998,0.,-3.00000000000006));
#4514=CARTESIAN_POINT('',(12.9999999999998,0.,6.79999999999994));
#4515=CARTESIAN_POINT('Origin',(12.9999999999998,0.,2.99999999999994));
#4516=CARTESIAN_POINT('',(-13.0000000000002,0.,6.79999999999994));
#4517=CARTESIAN_POINT('',(12.9999999999998,0.,6.79999999999994));
#4518=CARTESIAN_POINT('',(-16.8000000000002,0.,2.99999999999994));
#4519=CARTESIAN_POINT('Origin',(-13.0000000000002,0.,2.99999999999994));
#4520=CARTESIAN_POINT('',(-16.8000000000002,0.,2.99999999999994));
#4521=CARTESIAN_POINT('',(12.9999999999998,0.,-6.00000000000006));
#4522=CARTESIAN_POINT('',(15.9999999999998,0.,-3.00000000000006));
#4523=CARTESIAN_POINT('Origin',(12.9999999999998,0.,-3.00000000000006));
#4524=CARTESIAN_POINT('',(-13.0000000000002,0.,-6.00000000000006));
#4525=CARTESIAN_POINT('',(-13.0000000000002,0.,-6.00000000000006));
#4526=CARTESIAN_POINT('',(-16.0000000000002,0.,-3.00000000000006));
#4527=CARTESIAN_POINT('Origin',(-13.0000000000002,0.,-3.00000000000006));
#4528=CARTESIAN_POINT('',(-16.0000000000002,0.,2.99999999999994));
#4529=CARTESIAN_POINT('',(-16.0000000000002,0.,2.99999999999994));
#4530=CARTESIAN_POINT('',(-13.0000000000002,0.,5.99999999999994));
#4531=CARTESIAN_POINT('Origin',(-13.0000000000002,0.,2.99999999999994));
#4532=CARTESIAN_POINT('',(12.9999999999998,0.,5.99999999999994));
#4533=CARTESIAN_POINT('',(12.9999999999998,0.,5.99999999999994));
#4534=CARTESIAN_POINT('',(15.9999999999998,0.,2.99999999999994));
#4535=CARTESIAN_POINT('Origin',(12.9999999999998,0.,2.99999999999994));
#4536=CARTESIAN_POINT('',(15.9999999999998,0.,-3.00000000000006));
#4537=CARTESIAN_POINT('Origin',(-13.0000000000002,0.,6.79999999999994));
#4538=CARTESIAN_POINT('',(-13.0000000000002,35.,6.79999999999994));
#4539=CARTESIAN_POINT('',(12.9999999999998,35.,6.79999999999994));
#4540=CARTESIAN_POINT('',(-6.50000000000019,35.,6.79999999999994));
#4541=CARTESIAN_POINT('',(-13.0000000000002,0.,6.79999999999994));
#4542=CARTESIAN_POINT('',(12.9999999999998,0.,6.79999999999994));
#4543=CARTESIAN_POINT('Origin',(12.9999999999998,0.,2.99999999999994));
#4544=CARTESIAN_POINT('',(16.7999999999998,35.,2.99999999999994));
#4545=CARTESIAN_POINT('Origin',(12.9999999999998,35.,2.99999999999994));
#4546=CARTESIAN_POINT('',(16.7999999999998,0.,2.99999999999994));
#4547=CARTESIAN_POINT('Origin',(16.7999999999998,0.,2.99999999999994));
#4548=CARTESIAN_POINT('',(16.7999999999998,35.,-3.00000000000006));
#4549=CARTESIAN_POINT('',(16.7999999999998,35.,1.49999999999994));
#4550=CARTESIAN_POINT('',(16.7999999999998,0.,-3.00000000000006));
#4551=CARTESIAN_POINT('Origin',(12.9999999999998,0.,-3.00000000000006));
#4552=CARTESIAN_POINT('',(12.9999999999998,35.,-6.80000000000006));
#4553=CARTESIAN_POINT('Origin',(12.9999999999998,35.,-3.00000000000006));
#4554=CARTESIAN_POINT('',(12.9999999999998,0.,-6.80000000000006));
#4555=CARTESIAN_POINT('Origin',(12.9999999999998,0.,5.99999999999994));
#4556=CARTESIAN_POINT('',(12.9999999999998,35.,5.99999999999994));
#4557=CARTESIAN_POINT('',(-13.0000000000002,35.,5.99999999999994));
#4558=CARTESIAN_POINT('',(6.49999999999981,35.,5.99999999999994));
#4559=CARTESIAN_POINT('',(12.9999999999998,0.,5.99999999999994));
#4560=CARTESIAN_POINT('',(-13.0000000000002,0.,5.99999999999994));
#4561=CARTESIAN_POINT('Origin',(-13.0000000000002,0.,2.99999999999994));
#4562=CARTESIAN_POINT('',(-16.0000000000002,35.,2.99999999999994));
#4563=CARTESIAN_POINT('Origin',(-13.0000000000002,35.,2.99999999999994));
#4564=CARTESIAN_POINT('',(-16.0000000000002,0.,2.99999999999994));
#4565=CARTESIAN_POINT('Origin',(-16.0000000000002,0.,2.99999999999994));
#4566=CARTESIAN_POINT('',(-16.0000000000002,35.,-3.00000000000006));
#4567=CARTESIAN_POINT('',(-16.0000000000002,35.,1.49999999999994));
#4568=CARTESIAN_POINT('',(-16.0000000000002,0.,-3.00000000000006));
#4569=CARTESIAN_POINT('Origin',(-13.0000000000002,0.,-3.00000000000006));
#4570=CARTESIAN_POINT('',(-13.0000000000002,35.,-6.00000000000006));
#4571=CARTESIAN_POINT('Origin',(-13.0000000000002,35.,-3.00000000000006));
#4572=CARTESIAN_POINT('',(-13.0000000000002,0.,-6.00000000000006));
#4573=CARTESIAN_POINT('Origin',(12.9999999999998,0.,-6.80000000000006));
#4574=CARTESIAN_POINT('',(-13.0000000000002,35.,-6.80000000000006));
#4575=CARTESIAN_POINT('',(6.49999999999981,35.,-6.80000000000006));
#4576=CARTESIAN_POINT('',(-13.0000000000002,0.,-6.80000000000006));
#4577=CARTESIAN_POINT('Origin',(-13.0000000000002,0.,-3.00000000000006));
#4578=CARTESIAN_POINT('',(-16.8000000000002,35.,-3.00000000000006));
#4579=CARTESIAN_POINT('Origin',(-13.0000000000002,35.,-3.00000000000006));
#4580=CARTESIAN_POINT('',(-16.8000000000002,0.,-3.00000000000006));
#4581=CARTESIAN_POINT('Origin',(-16.8000000000002,0.,-3.00000000000006));
#4582=CARTESIAN_POINT('',(-16.8000000000002,35.,2.99999999999994));
#4583=CARTESIAN_POINT('',(-16.8000000000002,35.,-1.50000000000005));
#4584=CARTESIAN_POINT('',(-16.8000000000002,0.,2.99999999999994));
#4585=CARTESIAN_POINT('Origin',(-13.0000000000002,0.,2.99999999999994));
#4586=CARTESIAN_POINT('Origin',(-13.0000000000002,35.,2.99999999999994));
#4587=CARTESIAN_POINT('Origin',(-13.0000000000002,0.,-6.00000000000006));
#4588=CARTESIAN_POINT('',(12.9999999999998,35.,-6.00000000000006));
#4589=CARTESIAN_POINT('',(-6.50000000000019,35.,-6.00000000000006));
#4590=CARTESIAN_POINT('',(12.9999999999998,0.,-6.00000000000006));
#4591=CARTESIAN_POINT('Origin',(12.9999999999998,0.,-3.00000000000006));
#4592=CARTESIAN_POINT('',(15.9999999999998,35.,-3.00000000000006));
#4593=CARTESIAN_POINT('Origin',(12.9999999999998,35.,-3.00000000000006));
#4594=CARTESIAN_POINT('',(15.9999999999998,0.,-3.00000000000006));
#4595=CARTESIAN_POINT('Origin',(15.9999999999998,0.,-3.00000000000006));
#4596=CARTESIAN_POINT('',(15.9999999999998,35.,2.99999999999994));
#4597=CARTESIAN_POINT('',(15.9999999999998,35.,-1.50000000000006));
#4598=CARTESIAN_POINT('',(15.9999999999998,0.,2.99999999999994));
#4599=CARTESIAN_POINT('Origin',(12.9999999999998,0.,2.99999999999994));
#4600=CARTESIAN_POINT('Origin',(12.9999999999998,35.,2.99999999999994));
#4601=CARTESIAN_POINT('Origin',(-1.94289029309402E-13,35.,-5.93969318174459E-14));
#4602=CARTESIAN_POINT('Origin',(-1.93178806284777E-13,91.6,-3.00000000000006));
#4603=CARTESIAN_POINT('',(1.49999999999981,91.6,-3.00000000000006));
#4604=CARTESIAN_POINT('Origin',(-1.93178806284777E-13,91.6,-3.00000000000006));
#4605=CARTESIAN_POINT('',(1.49999999999981,90.,-3.00000000000006));
#4606=CARTESIAN_POINT('',(1.49999999999981,91.6,-3.00000000000006));
#4607=CARTESIAN_POINT('Origin',(-1.93178806284777E-13,90.,-3.00000000000006));
#4608=CARTESIAN_POINT('Origin',(3.49999999999981,91.6,-3.00000000000006));
#4609=CARTESIAN_POINT('',(4.99999999999981,91.6,-3.00000000000006));
#4610=CARTESIAN_POINT('Origin',(3.49999999999981,91.6,-3.00000000000006));
#4611=CARTESIAN_POINT('',(4.99999999999981,90.,-3.00000000000006));
#4612=CARTESIAN_POINT('',(4.99999999999981,91.6,-3.00000000000006));
#4613=CARTESIAN_POINT('Origin',(3.49999999999981,90.,-3.00000000000006));
#4614=CARTESIAN_POINT('Origin',(-3.50000000000019,91.6,-3.00000000000006));
#4615=CARTESIAN_POINT('',(-2.00000000000019,91.6,-3.00000000000006));
#4616=CARTESIAN_POINT('Origin',(-3.50000000000019,91.6,-3.00000000000006));
#4617=CARTESIAN_POINT('',(-2.00000000000019,90.,-3.00000000000006));
#4618=CARTESIAN_POINT('',(-2.00000000000019,91.6,-3.00000000000006));
#4619=CARTESIAN_POINT('Origin',(-3.50000000000019,90.,-3.00000000000006));
#4620=CARTESIAN_POINT('Origin',(6.99999999999981,91.6,-3.00000000000006));
#4621=CARTESIAN_POINT('',(8.49999999999981,91.6,-3.00000000000006));
#4622=CARTESIAN_POINT('Origin',(6.99999999999981,91.6,-3.00000000000006));
#4623=CARTESIAN_POINT('',(8.49999999999981,90.,-3.00000000000006));
#4624=CARTESIAN_POINT('',(8.49999999999981,91.6,-3.00000000000006));
#4625=CARTESIAN_POINT('Origin',(6.99999999999981,90.,-3.00000000000006));
#4626=CARTESIAN_POINT('Origin',(-7.00000000000019,91.6,-3.00000000000006));
#4627=CARTESIAN_POINT('',(-5.50000000000019,91.6,-3.00000000000006));
#4628=CARTESIAN_POINT('Origin',(-7.00000000000019,91.6,-3.00000000000006));
#4629=CARTESIAN_POINT('',(-5.50000000000019,90.,-3.00000000000006));
#4630=CARTESIAN_POINT('',(-5.50000000000019,91.6,-3.00000000000006));
#4631=CARTESIAN_POINT('Origin',(-7.00000000000019,90.,-3.00000000000006));
#4632=CARTESIAN_POINT('Origin',(-1.94289029309402E-13,35.,-5.93969318174459E-14));
#4633=CARTESIAN_POINT('',(12.9999999999998,35.,-6.80000000000006));
#4634=CARTESIAN_POINT('',(-13.0000000000002,35.,-6.80000000000006));
#4635=CARTESIAN_POINT('',(6.49999999999981,35.,-6.80000000000006));
#4636=CARTESIAN_POINT('',(16.7999999999998,35.,-3.00000000000006));
#4637=CARTESIAN_POINT('Origin',(12.9999999999998,35.,-3.00000000000006));
#4638=CARTESIAN_POINT('',(16.7999999999998,35.,2.99999999999994));
#4639=CARTESIAN_POINT('',(16.7999999999998,35.,1.49999999999994));
#4640=CARTESIAN_POINT('',(12.9999999999998,35.,6.79999999999994));
#4641=CARTESIAN_POINT('Origin',(12.9999999999998,35.,2.99999999999994));
#4642=CARTESIAN_POINT('',(-13.0000000000002,35.,6.79999999999994));
#4643=CARTESIAN_POINT('',(-6.50000000000019,35.,6.79999999999994));
#4644=CARTESIAN_POINT('',(-16.8000000000002,35.,2.99999999999994));
#4645=CARTESIAN_POINT('Origin',(-13.0000000000002,35.,2.99999999999994));
#4646=CARTESIAN_POINT('',(-16.8000000000002,35.,-3.00000000000006));
#4647=CARTESIAN_POINT('',(-16.8000000000002,35.,-1.50000000000005));
#4648=CARTESIAN_POINT('Origin',(-13.0000000000002,35.,-3.00000000000006));
#4649=CARTESIAN_POINT('',(-13.0000000000002,35.,-6.00000000000006));
#4650=CARTESIAN_POINT('',(12.9999999999998,35.,-6.00000000000006));
#4651=CARTESIAN_POINT('',(-6.50000000000019,35.,-6.00000000000006));
#4652=CARTESIAN_POINT('',(-16.0000000000002,35.,-3.00000000000006));
#4653=CARTESIAN_POINT('Origin',(-13.0000000000002,35.,-3.00000000000006));
#4654=CARTESIAN_POINT('',(-16.0000000000002,35.,2.99999999999994));
#4655=CARTESIAN_POINT('',(-16.0000000000002,35.,1.49999999999994));
#4656=CARTESIAN_POINT('',(-13.0000000000002,35.,5.99999999999994));
#4657=CARTESIAN_POINT('Origin',(-13.0000000000002,35.,2.99999999999994));
#4658=CARTESIAN_POINT('',(12.9999999999998,35.,5.99999999999994));
#4659=CARTESIAN_POINT('',(6.49999999999981,35.,5.99999999999994));
#4660=CARTESIAN_POINT('',(15.9999999999998,35.,2.99999999999994));
#4661=CARTESIAN_POINT('Origin',(12.9999999999998,35.,2.99999999999994));
#4662=CARTESIAN_POINT('',(15.9999999999998,35.,-3.00000000000006));
#4663=CARTESIAN_POINT('',(15.9999999999998,35.,-1.50000000000006));
#4664=CARTESIAN_POINT('Origin',(12.9999999999998,35.,-3.00000000000006));
#4665=CARTESIAN_POINT('Origin',(12.9999999999998,0.,5.99999999999994));
#4666=CARTESIAN_POINT('',(-13.0000000000002,90.,5.99999999999994));
#4667=CARTESIAN_POINT('',(-13.0000000000002,0.,5.99999999999994));
#4668=CARTESIAN_POINT('',(12.9999999999998,90.,5.99999999999994));
#4669=CARTESIAN_POINT('',(12.9999999999998,90.,5.99999999999994));
#4670=CARTESIAN_POINT('',(12.9999999999998,0.,5.99999999999994));
#4671=CARTESIAN_POINT('Origin',(-13.0000000000002,0.,2.99999999999994));
#4672=CARTESIAN_POINT('',(-16.0000000000002,90.,2.99999999999994));
#4673=CARTESIAN_POINT('',(-16.0000000000002,0.,2.99999999999994));
#4674=CARTESIAN_POINT('Origin',(-13.0000000000002,90.,2.99999999999994));
#4675=CARTESIAN_POINT('Origin',(-16.0000000000002,0.,2.99999999999994));
#4676=CARTESIAN_POINT('',(-16.0000000000002,90.,-3.00000000000006));
#4677=CARTESIAN_POINT('',(-16.0000000000002,0.,-3.00000000000006));
#4678=CARTESIAN_POINT('',(-16.0000000000002,90.,2.99999999999994));
#4679=CARTESIAN_POINT('Origin',(-13.0000000000002,0.,-3.00000000000006));
#4680=CARTESIAN_POINT('',(-13.0000000000002,90.,-6.00000000000006));
#4681=CARTESIAN_POINT('',(-13.0000000000002,0.,-6.00000000000006));
#4682=CARTESIAN_POINT('Origin',(-13.0000000000002,90.,-3.00000000000006));
#4683=CARTESIAN_POINT('Origin',(-13.0000000000002,0.,6.79999999999994));
#4684=CARTESIAN_POINT('',(12.9999999999998,91.6,6.79999999999994));
#4685=CARTESIAN_POINT('',(12.9999999999998,0.,6.79999999999994));
#4686=CARTESIAN_POINT('',(-13.0000000000002,91.6,6.79999999999994));
#4687=CARTESIAN_POINT('',(-6.50000000000019,91.6,6.79999999999994));
#4688=CARTESIAN_POINT('',(-13.0000000000002,0.,6.79999999999994));
#4689=CARTESIAN_POINT('Origin',(12.9999999999998,0.,2.99999999999994));
#4690=CARTESIAN_POINT('',(16.7999999999998,91.6,2.99999999999994));
#4691=CARTESIAN_POINT('',(16.7999999999998,0.,2.99999999999994));
#4692=CARTESIAN_POINT('Origin',(12.9999999999998,91.6,2.99999999999994));
#4693=CARTESIAN_POINT('Origin',(16.7999999999998,0.,2.99999999999994));
#4694=CARTESIAN_POINT('',(16.7999999999998,91.6,-3.00000000000006));
#4695=CARTESIAN_POINT('',(16.7999999999998,0.,-3.00000000000006));
#4696=CARTESIAN_POINT('',(16.7999999999998,91.6,1.49999999999994));
#4697=CARTESIAN_POINT('Origin',(12.9999999999998,0.,-3.00000000000006));
#4698=CARTESIAN_POINT('',(12.9999999999998,91.6,-6.80000000000006));
#4699=CARTESIAN_POINT('',(12.9999999999998,0.,-6.80000000000006));
#4700=CARTESIAN_POINT('Origin',(12.9999999999998,91.6,-3.00000000000006));
#4701=CARTESIAN_POINT('Origin',(12.9999999999998,90.725,-3.00000000000006));
#4702=CARTESIAN_POINT('',(12.9999999999998,91.6,-6.25000000000006));
#4703=CARTESIAN_POINT('Origin',(12.9999999999998,91.6,-3.00000000000006));
#4704=CARTESIAN_POINT('',(12.9999999999998,90.,-4.65000000000006));
#4705=CARTESIAN_POINT('',(12.9999999999998,90.725,-5.37500000000006));
#4706=CARTESIAN_POINT('Origin',(12.9999999999998,90.,-3.00000000000006));
#4707=CARTESIAN_POINT('Origin',(-13.0000000000002,90.725,-3.00000000000006));
#4708=CARTESIAN_POINT('',(-13.0000000000002,91.6,-6.25000000000006));
#4709=CARTESIAN_POINT('Origin',(-13.0000000000002,91.6,-3.00000000000006));
#4710=CARTESIAN_POINT('',(-13.0000000000002,90.,-4.65000000000006));
#4711=CARTESIAN_POINT('',(-13.0000000000002,90.725,-5.37500000000006));
#4712=CARTESIAN_POINT('Origin',(-13.0000000000002,90.,-3.00000000000006));
#4713=CARTESIAN_POINT('Origin',(-1.93178806284777E-13,90.,-5.93969318174459E-14));
#4714=CARTESIAN_POINT('',(12.9999999999998,90.,-6.00000000000006));
#4715=CARTESIAN_POINT('',(-13.0000000000002,90.,-6.00000000000006));
#4716=CARTESIAN_POINT('',(15.9999999999998,90.,-3.00000000000006));
#4717=CARTESIAN_POINT('Origin',(12.9999999999998,90.,-3.00000000000006));
#4718=CARTESIAN_POINT('',(15.9999999999998,90.,2.99999999999994));
#4719=CARTESIAN_POINT('',(15.9999999999998,90.,-3.00000000000006));
#4720=CARTESIAN_POINT('Origin',(12.9999999999998,90.,2.99999999999994));
#4721=CARTESIAN_POINT('Origin',(-1.93178806284777E-13,91.6,-5.93969318174459E-14));
#4722=CARTESIAN_POINT('',(-13.0000000000002,91.6,-6.80000000000006));
#4723=CARTESIAN_POINT('',(6.49999999999981,91.6,-6.80000000000006));
#4724=CARTESIAN_POINT('',(-16.8000000000002,91.6,-3.00000000000006));
#4725=CARTESIAN_POINT('Origin',(-13.0000000000002,91.6,-3.00000000000006));
#4726=CARTESIAN_POINT('',(-16.8000000000002,91.6,2.99999999999994));
#4727=CARTESIAN_POINT('',(-16.8000000000002,91.6,-1.50000000000005));
#4728=CARTESIAN_POINT('Origin',(-13.0000000000002,91.6,2.99999999999994));
#4729=CARTESIAN_POINT('Origin',(-13.0000000000002,0.,-6.00000000000006));
#4730=CARTESIAN_POINT('',(12.9999999999998,0.,-6.00000000000006));
#4731=CARTESIAN_POINT('Origin',(12.9999999999998,0.,2.99999999999994));
#4732=CARTESIAN_POINT('',(15.9999999999998,0.,2.99999999999994));
#4733=CARTESIAN_POINT('Origin',(15.9999999999998,0.,-3.00000000000006));
#4734=CARTESIAN_POINT('',(15.9999999999998,0.,-3.00000000000006));
#4735=CARTESIAN_POINT('Origin',(12.9999999999998,0.,-3.00000000000006));
#4736=CARTESIAN_POINT('Origin',(12.9999999999998,0.,-6.80000000000006));
#4737=CARTESIAN_POINT('',(-13.0000000000002,0.,-6.80000000000006));
#4738=CARTESIAN_POINT('Origin',(-13.0000000000002,0.,2.99999999999994));
#4739=CARTESIAN_POINT('',(-16.8000000000002,0.,2.99999999999994));
#4740=CARTESIAN_POINT('Origin',(-16.8000000000002,0.,-3.00000000000006));
#4741=CARTESIAN_POINT('',(-16.8000000000002,0.,-3.00000000000006));
#4742=CARTESIAN_POINT('Origin',(-13.0000000000002,0.,-3.00000000000006));
#4743=CARTESIAN_POINT('',(0.,0.,0.));
#4744=CARTESIAN_POINT('',(0.,0.,0.));
#4745=UNCERTAINTY_MEASURE_WITH_UNIT(LENGTH_MEASURE(0.01),#4755,
'DISTANCE_ACCURACY_VALUE',
'Maximum model space distance between geometric entities at asserted c
onnectivities');
#4746=UNCERTAINTY_MEASURE_WITH_UNIT(LENGTH_MEASURE(0.01),#4755,
'DISTANCE_ACCURACY_VALUE',
'Maximum model space distance between geometric entities at asserted c
onnectivities');
#4747=UNCERTAINTY_MEASURE_WITH_UNIT(LENGTH_MEASURE(0.01),#4755,
'DISTANCE_ACCURACY_VALUE',
'Maximum model space distance between geometric entities at asserted c
onnectivities');
#4748=UNCERTAINTY_MEASURE_WITH_UNIT(LENGTH_MEASURE(0.01),#4755,
'DISTANCE_ACCURACY_VALUE',
'Maximum model space distance between geometric entities at asserted c
onnectivities');
#4749=UNCERTAINTY_MEASURE_WITH_UNIT(LENGTH_MEASURE(0.01),#4755,
'DISTANCE_ACCURACY_VALUE',
'Maximum model space distance between geometric entities at asserted c
onnectivities');
#4750=(
GEOMETRIC_REPRESENTATION_CONTEXT(3)
GLOBAL_UNCERTAINTY_ASSIGNED_CONTEXT((#4745))
GLOBAL_UNIT_ASSIGNED_CONTEXT((#4755,#4757,#4758))
REPRESENTATION_CONTEXT('','3D')
);
#4751=(
GEOMETRIC_REPRESENTATION_CONTEXT(3)
GLOBAL_UNCERTAINTY_ASSIGNED_CONTEXT((#4746))
GLOBAL_UNIT_ASSIGNED_CONTEXT((#4755,#4757,#4758))
REPRESENTATION_CONTEXT('','3D')
);
#4752=(
GEOMETRIC_REPRESENTATION_CONTEXT(3)
GLOBAL_UNCERTAINTY_ASSIGNED_CONTEXT((#4747))
GLOBAL_UNIT_ASSIGNED_CONTEXT((#4755,#4757,#4758))
REPRESENTATION_CONTEXT('','3D')
);
#4753=(
GEOMETRIC_REPRESENTATION_CONTEXT(3)
GLOBAL_UNCERTAINTY_ASSIGNED_CONTEXT((#4748))
GLOBAL_UNIT_ASSIGNED_CONTEXT((#4755,#4757,#4758))
REPRESENTATION_CONTEXT('','3D')
);
#4754=(
GEOMETRIC_REPRESENTATION_CONTEXT(3)
GLOBAL_UNCERTAINTY_ASSIGNED_CONTEXT((#4749))
GLOBAL_UNIT_ASSIGNED_CONTEXT((#4755,#4757,#4758))
REPRESENTATION_CONTEXT('','3D')
);
#4755=(
LENGTH_UNIT()
NAMED_UNIT(*)
SI_UNIT(.MILLI.,.METRE.)
);
#4756=(
LENGTH_UNIT()
NAMED_UNIT(*)
SI_UNIT($,.METRE.)
);
#4757=(
NAMED_UNIT(*)
PLANE_ANGLE_UNIT()
SI_UNIT($,.RADIAN.)
);
#4758=(
NAMED_UNIT(*)
SI_UNIT($,.STERADIAN.)
SOLID_ANGLE_UNIT()
);
#4759=SHAPE_DEFINITION_REPRESENTATION(#4763,#4770);
#4760=SHAPE_DEFINITION_REPRESENTATION(#4764,#4771);
#4761=SHAPE_DEFINITION_REPRESENTATION(#4765,#4772);
#4762=SHAPE_DEFINITION_REPRESENTATION(#4767,#4773);
#4763=PRODUCT_DEFINITION_SHAPE('',$,#4775);
#4764=PRODUCT_DEFINITION_SHAPE('',$,#4776);
#4765=PRODUCT_DEFINITION_SHAPE('',$,#4777);
#4766=PRODUCT_DEFINITION_SHAPE($,$,#20);
#4767=PRODUCT_DEFINITION_SHAPE('',$,#4778);
#4768=PRODUCT_DEFINITION_SHAPE($,$,#21);
#4769=PRODUCT_DEFINITION_SHAPE($,$,#22);
#4770=SHAPE_REPRESENTATION('',(#2804,#3069,#3070),#4750);
#4771=SHAPE_REPRESENTATION('',(#2805,#2977),#4751);
#4772=SHAPE_REPRESENTATION('',(#2806),#4752);
#4773=SHAPE_REPRESENTATION('',(#2978),#4753);
#4774=PRODUCT_DEFINITION_CONTEXT('part definition',#4788,'design');
#4775=PRODUCT_DEFINITION('V0.3.1','V0.3.1 v43',#4779,#4774);
#4776=PRODUCT_DEFINITION('Carrier','Carrier',#4780,#4774);
#4777=PRODUCT_DEFINITION('Light Pipe Playground v9',
'Light Pipe Playground v9',#4781,#4774);
#4778=PRODUCT_DEFINITION('Tube','Tube',#4782,#4774);
#4779=PRODUCT_DEFINITION_FORMATION('',$,#4790);
#4780=PRODUCT_DEFINITION_FORMATION('',$,#4791);
#4781=PRODUCT_DEFINITION_FORMATION('',$,#4792);
#4782=PRODUCT_DEFINITION_FORMATION('',$,#4793);
#4783=PRODUCT_RELATED_PRODUCT_CATEGORY('V0.3.1 v43','V0.3.1 v43',(#4790));
#4784=PRODUCT_RELATED_PRODUCT_CATEGORY('Carrier','Carrier',(#4791));
#4785=PRODUCT_RELATED_PRODUCT_CATEGORY('Light Pipe Playground v9',
'Light Pipe Playground v9',(#4792));
#4786=PRODUCT_RELATED_PRODUCT_CATEGORY('Tube','Tube',(#4793));
#4787=APPLICATION_PROTOCOL_DEFINITION('international standard',
'automotive_design',2009,#4788);
#4788=APPLICATION_CONTEXT(
'Core Data for Automotive Mechanical Design Process');
#4789=PRODUCT_CONTEXT('part definition',#4788,'mechanical');
#4790=PRODUCT('V0.3.1','V0.3.1 v43',$,(#4789));
#4791=PRODUCT('Carrier','Carrier',$,(#4789));
#4792=PRODUCT('Light Pipe Playground v9','Light Pipe Playground v9',$,(#4789));
#4793=PRODUCT('Tube','Tube',$,(#4789));
#4794=PRESENTATION_STYLE_ASSIGNMENT((#4795));
#4795=SURFACE_STYLE_USAGE(.BOTH.,#4796);
#4796=SURFACE_SIDE_STYLE('',(#4797));
#4797=SURFACE_STYLE_FILL_AREA(#4798);
#4798=FILL_AREA_STYLE('ABS (White)',(#4799));
#4799=FILL_AREA_STYLE_COLOUR('ABS (White)',#4800);
#4800=COLOUR_RGB('ABS (White)',0.964705882352941,0.964705882352941,0.952941176470588);
ENDSEC;
END-ISO-10303-21;
